user_id,segment_operation,order_count,total_amount,days_since_order,priority,estimated_response_rate,action
U002814,至尊VIP,1,6360.11,21,0,0.40,P0-新品电子首发通知+品牌日专属折扣+专属客服
U002376,至尊VIP,1,5125.41,184,0,0.40,P0-新品电子首发通知+品牌日专属折扣+专属客服
U007043,至尊VIP,1,5053.45,142,0,0.40,P0-新品电子首发通知+品牌日专属折扣+专属客服
U004539,至尊VIP,1,5002.49,489,0,0.40,P0-新品电子首发通知+品牌日专属折扣+专属客服
U005897,至尊VIP,2,4998.42,104,0,0.40,P0-新品电子首发通知+品牌日专属折扣+专属客服
U003794,至尊VIP,1,4995.83,30,0,0.40,P0-新品电子首发通知+品牌日专属折扣+专属客服
U004906,至尊VIP,2,4910.55,72,0,0.40,P0-新品电子首发通知+品牌日专属折扣+专属客服
U000386,至尊VIP,1,4799.94,5,0,0.40,P0-新品电子首发通知+品牌日专属折扣+专属客服
U006311,至尊VIP,2,4534.00,188,0,0.40,P0-新品电子首发通知+品牌日专属折扣+专属客服
U000778,至尊VIP,1,4283.43,271,0,0.40,P0-新品电子首发通知+品牌日专属折扣+专属客服
U002508,至尊VIP,1,4140.43,13,0,0.40,P0-新品电子首发通知+品牌日专属折扣+专属客服
U006295,至尊VIP,1,4106.99,457,0,0.40,P0-新品电子首发通知+品牌日专属折扣+专属客服
U009032,至尊VIP,2,4071.59,48,0,0.40,P0-新品电子首发通知+品牌日专属折扣+专属客服
U003814,至尊VIP,1,3954.50,362,0,0.40,P0-新品电子首发通知+品牌日专属折扣+专属客服
U005269,至尊VIP,2,3951.28,347,0,0.40,P0-新品电子首发通知+品牌日专属折扣+专属客服
U002662,至尊VIP,1,3949.42,516,0,0.40,P0-新品电子首发通知+品牌日专属折扣+专属客服
U005273,至尊VIP,1,3938.88,37,0,0.40,P0-新品电子首发通知+品牌日专属折扣+专属客服
U003723,至尊VIP,1,3895.50,6,0,0.40,P0-新品电子首发通知+品牌日专属折扣+专属客服
U004129,至尊VIP,1,3867.93,168,0,0.40,P0-新品电子首发通知+品牌日专属折扣+专属客服
U008212,至尊VIP,1,3803.31,36,0,0.40,P0-新品电子首发通知+品牌日专属折扣+专属客服
U005618,至尊VIP,2,3796.19,345,0,0.40,P0-新品电子首发通知+品牌日专属折扣+专属客服
U006318,至尊VIP,1,3755.22,172,0,0.40,P0-新品电子首发通知+品牌日专属折扣+专属客服
U006097,至尊VIP,1,3700.06,333,0,0.40,P0-新品电子首发通知+品牌日专属折扣+专属客服
U000245,至尊VIP,1,3613.40,133,0,0.40,P0-新品电子首发通知+品牌日专属折扣+专属客服
U004941,至尊VIP,1,3598.59,394,0,0.40,P0-新品电子首发通知+品牌日专属折扣+专属客服
U004810,至尊VIP,1,3590.85,188,0,0.40,P0-新品电子首发通知+品牌日专属折扣+专属客服
U001465,至尊VIP,1,3552.96,20,0,0.40,P0-新品电子首发通知+品牌日专属折扣+专属客服
U003335,至尊VIP,1,3522.84,150,0,0.40,P0-新品电子首发通知+品牌日专属折扣+专属客服
U004594,至尊VIP,2,3515.69,181,0,0.40,P0-新品电子首发通知+品牌日专属折扣+专属客服
U004988,至尊VIP,2,3439.95,310,0,0.40,P0-新品电子首发通知+品牌日专属折扣+专属客服
U006874,至尊VIP,2,3419.33,92,0,0.40,P0-新品电子首发通知+品牌日专属折扣+专属客服
U001687,至尊VIP,1,3418.84,111,0,0.40,P0-新品电子首发通知+品牌日专属折扣+专属客服
U005608,至尊VIP,2,3372.27,240,0,0.40,P0-新品电子首发通知+品牌日专属折扣+专属客服
U002104,至尊VIP,2,3359.48,384,0,0.40,P0-新品电子首发通知+品牌日专属折扣+专属客服
U002142,至尊VIP,1,3350.08,432,0,0.40,P0-新品电子首发通知+品牌日专属折扣+专属客服
U004345,至尊VIP,1,3330.56,280,0,0.40,P0-新品电子首发通知+品牌日专属折扣+专属客服
U006341,至尊VIP,1,3316.35,65,0,0.40,P0-新品电子首发通知+品牌日专属折扣+专属客服
U006904,至尊VIP,2,3261.73,145,0,0.40,P0-新品电子首发通知+品牌日专属折扣+专属客服
U008784,至尊VIP,2,3256.72,13,0,0.40,P0-新品电子首发通知+品牌日专属折扣+专属客服
U000097,至尊VIP,2,3249.81,341,0,0.40,P0-新品电子首发通知+品牌日专属折扣+专属客服
U008184,至尊VIP,2,3246.50,23,0,0.40,P0-新品电子首发通知+品牌日专属折扣+专属客服
U000217,至尊VIP,2,3227.06,107,0,0.40,P0-新品电子首发通知+品牌日专属折扣+专属客服
U007587,至尊VIP,2,3221.68,186,0,0.40,P0-新品电子首发通知+品牌日专属折扣+专属客服
U007286,至尊VIP,2,3166.39,47,0,0.40,P0-新品电子首发通知+品牌日专属折扣+专属客服
U003209,至尊VIP,2,3109.33,178,0,0.40,P0-新品电子首发通知+品牌日专属折扣+专属客服
U009854,至尊VIP,1,3105.54,346,0,0.40,P0-新品电子首发通知+品牌日专属折扣+专属客服
U004782,至尊VIP,1,3090.20,116,0,0.40,P0-新品电子首发通知+品牌日专属折扣+专属客服
U007167,至尊VIP,1,3059.58,573,0,0.40,P0-新品电子首发通知+品牌日专属折扣+专属客服
U005806,至尊VIP,1,3037.86,495,0,0.40,P0-新品电子首发通知+品牌日专属折扣+专属客服
U004627,至尊VIP,1,3006.20,12,0,0.40,P0-新品电子首发通知+品牌日专属折扣+专属客服
U000085,至尊VIP,1,3003.15,612,0,0.40,P0-新品电子首发通知+品牌日专属折扣+专属客服
U000567,至尊VIP,2,2968.25,63,0,0.40,P0-新品电子首发通知+品牌日专属折扣+专属客服
U001739,至尊VIP,1,2963.85,144,0,0.40,P0-新品电子首发通知+品牌日专属折扣+专属客服
U000932,至尊VIP,1,2927.65,17,0,0.40,P0-新品电子首发通知+品牌日专属折扣+专属客服
U007844,至尊VIP,2,2911.11,130,0,0.40,P0-新品电子首发通知+品牌日专属折扣+专属客服
U004025,至尊VIP,1,2902.76,531,0,0.40,P0-新品电子首发通知+品牌日专属折扣+专属客服
U008350,至尊VIP,1,2872.53,100,0,0.40,P0-新品电子首发通知+品牌日专属折扣+专属客服
U000458,至尊VIP,1,2868.55,120,0,0.40,P0-新品电子首发通知+品牌日专属折扣+专属客服
U004550,至尊VIP,1,2849.19,13,0,0.40,P0-新品电子首发通知+品牌日专属折扣+专属客服
U002446,至尊VIP,1,2842.51,11,0,0.40,P0-新品电子首发通知+品牌日专属折扣+专属客服
U004613,至尊VIP,2,2840.63,88,0,0.40,P0-新品电子首发通知+品牌日专属折扣+专属客服
U005237,至尊VIP,2,2823.23,10,0,0.40,P0-新品电子首发通知+品牌日专属折扣+专属客服
U006952,至尊VIP,1,2815.22,346,0,0.40,P0-新品电子首发通知+品牌日专属折扣+专属客服
U002288,至尊VIP,1,2815.07,618,0,0.40,P0-新品电子首发通知+品牌日专属折扣+专属客服
U004695,至尊VIP,1,2807.98,372,0,0.40,P0-新品电子首发通知+品牌日专属折扣+专属客服
U009957,至尊VIP,1,2805.83,16,0,0.40,P0-新品电子首发通知+品牌日专属折扣+专属客服
U007274,至尊VIP,1,2799.70,354,0,0.40,P0-新品电子首发通知+品牌日专属折扣+专属客服
U009184,至尊VIP,1,2782.76,105,0,0.40,P0-新品电子首发通知+品牌日专属折扣+专属客服
U009367,至尊VIP,1,2770.80,27,0,0.40,P0-新品电子首发通知+品牌日专属折扣+专属客服
U007483,至尊VIP,1,2768.16,7,0,0.40,P0-新品电子首发通知+品牌日专属折扣+专属客服
U007631,至尊VIP,1,2702.60,276,0,0.40,P0-新品电子首发通知+品牌日专属折扣+专属客服
U007629,至尊VIP,1,2677.06,225,0,0.40,P0-新品电子首发通知+品牌日专属折扣+专属客服
U000436,至尊VIP,1,2673.43,353,0,0.40,P0-新品电子首发通知+品牌日专属折扣+专属客服
U003750,至尊VIP,1,2670.07,228,0,0.40,P0-新品电子首发通知+品牌日专属折扣+专属客服
U007465,至尊VIP,2,2669.08,78,0,0.40,P0-新品电子首发通知+品牌日专属折扣+专属客服
U003487,至尊VIP,1,2660.31,70,0,0.40,P0-新品电子首发通知+品牌日专属折扣+专属客服
U002377,至尊VIP,2,2654.88,231,0,0.40,P0-新品电子首发通知+品牌日专属折扣+专属客服
U008953,至尊VIP,1,2653.11,217,0,0.40,P0-新品电子首发通知+品牌日专属折扣+专属客服
U008264,至尊VIP,1,2651.71,208,0,0.40,P0-新品电子首发通知+品牌日专属折扣+专属客服
U004375,至尊VIP,3,2630.47,56,0,0.40,P0-新品电子首发通知+品牌日专属折扣+专属客服
U008843,至尊VIP,1,2608.78,192,0,0.40,P0-新品电子首发通知+品牌日专属折扣+专属客服
U005426,至尊VIP,2,2603.62,492,0,0.40,P0-新品电子首发通知+品牌日专属折扣+专属客服
U003468,至尊VIP,1,2602.56,90,0,0.40,P0-新品电子首发通知+品牌日专属折扣+专属客服
U002780,至尊VIP,1,2592.57,438,0,0.40,P0-新品电子首发通知+品牌日专属折扣+专属客服
U000183,至尊VIP,2,2527.91,84,0,0.40,P0-新品电子首发通知+品牌日专属折扣+专属客服
U000941,至尊VIP,1,2520.03,313,0,0.40,P0-新品电子首发通知+品牌日专属折扣+专属客服
U000546,至尊VIP,1,2510.02,345,0,0.40,P0-新品电子首发通知+品牌日专属折扣+专属客服
U006469,至尊VIP,1,2499.55,561,0,0.40,P0-新品电子首发通知+品牌日专属折扣+专属客服
U009308,至尊VIP,1,2488.16,476,0,0.40,P0-新品电子首发通知+品牌日专属折扣+专属客服
U000494,至尊VIP,1,2460.43,258,0,0.40,P0-新品电子首发通知+品牌日专属折扣+专属客服
U009432,至尊VIP,2,2430.08,38,0,0.40,P0-新品电子首发通知+品牌日专属折扣+专属客服
U006103,至尊VIP,1,2427.10,221,0,0.40,P0-新品电子首发通知+品牌日专属折扣+专属客服
U006076,至尊VIP,1,2424.91,54,0,0.40,P0-新品电子首发通知+品牌日专属折扣+专属客服
U006357,至尊VIP,1,2394.88,200,0,0.40,P0-新品电子首发通知+品牌日专属折扣+专属客服
U009371,至尊VIP,1,2394.87,114,0,0.40,P0-新品电子首发通知+品牌日专属折扣+专属客服
U003229,至尊VIP,1,2389.88,14,0,0.40,P0-新品电子首发通知+品牌日专属折扣+专属客服
U005014,至尊VIP,1,2372.85,130,0,0.40,P0-新品电子首发通知+品牌日专属折扣+专属客服
U002304,至尊VIP,1,2363.37,393,0,0.40,P0-新品电子首发通知+品牌日专属折扣+专属客服
U003247,至尊VIP,3,2344.24,214,0,0.40,P0-新品电子首发通知+品牌日专属折扣+专属客服
U006446,至尊VIP,1,2336.85,552,0,0.40,P0-新品电子首发通知+品牌日专属折扣+专属客服
U005868,至尊VIP,1,2329.19,507,0,0.40,P0-新品电子首发通知+品牌日专属折扣+专属客服
U000082,至尊VIP,1,2302.94,143,0,0.40,P0-新品电子首发通知+品牌日专属折扣+专属客服
U007791,至尊VIP,1,2301.63,85,0,0.40,P0-新品电子首发通知+品牌日专属折扣+专属客服
U009233,至尊VIP,1,2294.51,474,0,0.40,P0-新品电子首发通知+品牌日专属折扣+专属客服
U005841,至尊VIP,2,2287.17,325,0,0.40,P0-新品电子首发通知+品牌日专属折扣+专属客服
U008892,至尊VIP,1,2232.17,280,0,0.40,P0-新品电子首发通知+品牌日专属折扣+专属客服
U001474,至尊VIP,1,2215.32,599,0,0.40,P0-新品电子首发通知+品牌日专属折扣+专属客服
U004464,至尊VIP,1,2194.56,2,0,0.40,P0-新品电子首发通知+品牌日专属折扣+专属客服
U003127,至尊VIP,1,2192.13,285,0,0.40,P0-新品电子首发通知+品牌日专属折扣+专属客服
U008159,至尊VIP,2,2169.84,168,0,0.40,P0-新品电子首发通知+品牌日专属折扣+专属客服
U001762,至尊VIP,1,2131.63,92,0,0.40,P0-新品电子首发通知+品牌日专属折扣+专属客服
U001708,至尊VIP,1,2121.05,426,0,0.40,P0-新品电子首发通知+品牌日专属折扣+专属客服
U003409,至尊VIP,2,2111.69,287,0,0.40,P0-新品电子首发通知+品牌日专属折扣+专属客服
U009400,至尊VIP,1,2068.50,268,0,0.40,P0-新品电子首发通知+品牌日专属折扣+专属客服
U007439,至尊VIP,1,2066.58,59,0,0.40,P0-新品电子首发通知+品牌日专属折扣+专属客服
U002301,至尊VIP,1,2066.26,304,0,0.40,P0-新品电子首发通知+品牌日专属折扣+专属客服
U008420,至尊VIP,1,2059.41,220,0,0.40,P0-新品电子首发通知+品牌日专属折扣+专属客服
U003584,至尊VIP,1,2048.14,361,0,0.40,P0-新品电子首发通知+品牌日专属折扣+专属客服
U009238,至尊VIP,1,2042.32,156,0,0.40,P0-新品电子首发通知+品牌日专属折扣+专属客服
U001992,至尊VIP,1,2036.33,564,0,0.40,P0-新品电子首发通知+品牌日专属折扣+专属客服
U000986,至尊VIP,1,2035.42,521,0,0.40,P0-新品电子首发通知+品牌日专属折扣+专属客服
U009935,至尊VIP,2,2025.86,2,0,0.40,P0-新品电子首发通知+品牌日专属折扣+专属客服
U005180,至尊VIP,1,2024.67,624,0,0.40,P0-新品电子首发通知+品牌日专属折扣+专属客服
U001926,至尊VIP,1,2011.89,302,0,0.40,P0-新品电子首发通知+品牌日专属折扣+专属客服
U007832,至尊VIP,1,2002.35,89,0,0.40,P0-新品电子首发通知+品牌日专属折扣+专属客服
U008685,至尊VIP,1,1989.50,74,0,0.40,P0-新品电子首发通知+品牌日专属折扣+专属客服
U008919,至尊VIP,1,1988.40,321,0,0.40,P0-新品电子首发通知+品牌日专属折扣+专属客服
U004877,至尊VIP,1,1986.27,71,0,0.40,P0-新品电子首发通知+品牌日专属折扣+专属客服
U006785,至尊VIP,3,1984.13,234,0,0.40,P0-新品电子首发通知+品牌日专属折扣+专属客服
U009497,至尊VIP,3,1983.32,199,0,0.40,P0-新品电子首发通知+品牌日专属折扣+专属客服
U003319,核心高价值忠诚用户,3,1796.36,45,0,0.35,P0-Groceries/Beauty复购券+会员升级+全品类满减
U008733,核心高价值忠诚用户,2,1683.65,40,0,0.35,P0-Groceries/Beauty复购券+会员升级+全品类满减
U002279,核心高价值忠诚用户,2,1557.22,59,0,0.35,P0-Groceries/Beauty复购券+会员升级+全品类满减
U008693,核心高价值忠诚用户,2,1549.69,57,0,0.35,P0-Groceries/Beauty复购券+会员升级+全品类满减
U004903,核心高价值忠诚用户,4,1529.12,17,0,0.35,P0-Groceries/Beauty复购券+会员升级+全品类满减
U003734,核心高价值忠诚用户,2,1517.51,45,0,0.35,P0-Groceries/Beauty复购券+会员升级+全品类满减
U002953,核心高价值忠诚用户,2,1437.97,11,0,0.35,P0-Groceries/Beauty复购券+会员升级+全品类满减
U005914,核心高价值忠诚用户,2,1426.37,23,0,0.35,P0-Groceries/Beauty复购券+会员升级+全品类满减
U004163,核心高价值忠诚用户,2,1288.88,1,0,0.35,P0-Groceries/Beauty复购券+会员升级+全品类满减
U001432,核心高价值忠诚用户,2,1273.86,50,0,0.35,P0-Groceries/Beauty复购券+会员升级+全品类满减
U004977,核心高价值忠诚用户,2,1218.99,29,0,0.35,P0-Groceries/Beauty复购券+会员升级+全品类满减
U008134,核心高价值忠诚用户,2,1202.20,5,0,0.35,P0-Groceries/Beauty复购券+会员升级+全品类满减
U000003,核心高价值忠诚用户,2,1126.73,25,0,0.35,P0-Groceries/Beauty复购券+会员升级+全品类满减
U000192,核心高价值忠诚用户,2,1057.24,18,0,0.35,P0-Groceries/Beauty复购券+会员升级+全品类满减
U009840,核心高价值忠诚用户,2,989.64,16,0,0.35,P0-Groceries/Beauty复购券+会员升级+全品类满减
U005060,核心高价值忠诚用户,2,923.61,44,0,0.35,P0-Groceries/Beauty复购券+会员升级+全品类满减
U006183,高潜新客,1,1947.49,14,1,0.20,P1-首单复购引导+配套推荐+专属客服跟进
U000801,唤醒高潜,2,1941.45,90,1,0.15,P1-定向召回+限时折扣+30天有效
U001293,唤醒高潜,2,1918.04,152,1,0.15,P1-定向召回+限时折扣+30天有效
U006523,唤醒高潜,2,1913.18,75,1,0.15,P1-定向召回+限时折扣+30天有效
U004954,高潜新客,1,1904.76,42,1,0.20,P1-首单复购引导+配套推荐+专属客服跟进
U004922,高潜新客,1,1896.22,9,1,0.20,P1-首单复购引导+配套推荐+专属客服跟进
U002972,唤醒高潜,2,1831.72,171,1,0.15,P1-定向召回+限时折扣+30天有效
U000784,唤醒高潜,2,1684.54,169,1,0.15,P1-定向召回+限时折扣+30天有效
U001032,唤醒高潜,2,1680.87,173,1,0.15,P1-定向召回+限时折扣+30天有效
U004034,唤醒高潜,2,1660.86,126,1,0.15,P1-定向召回+限时折扣+30天有效
U001668,唤醒高潜,2,1655.58,169,1,0.15,P1-定向召回+限时折扣+30天有效
U005080,唤醒高潜,2,1638.39,75,1,0.15,P1-定向召回+限时折扣+30天有效
U001882,高潜新客,1,1621.54,49,1,0.20,P1-首单复购引导+配套推荐+专属客服跟进
U001594,高潜新客,1,1613.29,53,1,0.20,P1-首单复购引导+配套推荐+专属客服跟进
U004039,高潜新客,1,1599.25,50,1,0.20,P1-首单复购引导+配套推荐+专属客服跟进
U003747,高潜新客,1,1581.11,46,1,0.20,P1-首单复购引导+配套推荐+专属客服跟进
U008340,唤醒高潜,2,1569.55,156,1,0.15,P1-定向召回+限时折扣+30天有效
U000368,唤醒高潜,2,1536.08,67,1,0.15,P1-定向召回+限时折扣+30天有效
U008978,唤醒高潜,2,1528.87,96,1,0.15,P1-定向召回+限时折扣+30天有效
U001351,高潜新客,1,1528.09,18,1,0.20,P1-首单复购引导+配套推荐+专属客服跟进
U002847,唤醒高潜,2,1509.71,142,1,0.15,P1-定向召回+限时折扣+30天有效
U001229,高潜新客,1,1504.20,34,1,0.20,P1-首单复购引导+配套推荐+专属客服跟进
U001492,唤醒高潜,2,1501.77,113,1,0.15,P1-定向召回+限时折扣+30天有效
U002240,唤醒高潜,2,1498.36,163,1,0.15,P1-定向召回+限时折扣+30天有效
U001142,唤醒高潜,2,1487.39,68,1,0.15,P1-定向召回+限时折扣+30天有效
U006037,唤醒高潜,3,1483.10,138,1,0.15,P1-定向召回+限时折扣+30天有效
U005777,高潜新客,1,1478.43,1,1,0.20,P1-首单复购引导+配套推荐+专属客服跟进
U004151,唤醒高潜,2,1445.60,153,1,0.15,P1-定向召回+限时折扣+30天有效
U001585,高潜新客,1,1444.97,15,1,0.20,P1-首单复购引导+配套推荐+专属客服跟进
U001016,唤醒高潜,2,1435.36,155,1,0.15,P1-定向召回+限时折扣+30天有效
U006560,高潜新客,1,1426.95,29,1,0.20,P1-首单复购引导+配套推荐+专属客服跟进
U001509,高潜新客,1,1424.27,6,1,0.20,P1-首单复购引导+配套推荐+专属客服跟进
U002558,高潜新客,1,1421.63,44,1,0.20,P1-首单复购引导+配套推荐+专属客服跟进
U005955,唤醒高潜,3,1419.53,117,1,0.15,P1-定向召回+限时折扣+30天有效
U005664,高潜新客,1,1413.41,38,1,0.20,P1-首单复购引导+配套推荐+专属客服跟进
U003547,高潜新客,1,1403.84,21,1,0.20,P1-首单复购引导+配套推荐+专属客服跟进
U006603,高潜新客,1,1403.65,53,1,0.20,P1-首单复购引导+配套推荐+专属客服跟进
U007164,唤醒高潜,2,1395.29,123,1,0.15,P1-定向召回+限时折扣+30天有效
U001817,高潜新客,1,1378.17,56,1,0.20,P1-首单复购引导+配套推荐+专属客服跟进
U008589,高潜新客,1,1364.43,46,1,0.20,P1-首单复购引导+配套推荐+专属客服跟进
U009670,高潜新客,1,1356.44,27,1,0.20,P1-首单复购引导+配套推荐+专属客服跟进
U003051,高潜新客,1,1348.97,56,1,0.20,P1-首单复购引导+配套推荐+专属客服跟进
U004306,唤醒高潜,2,1341.89,127,1,0.15,P1-定向召回+限时折扣+30天有效
U008848,唤醒高潜,2,1337.60,65,1,0.15,P1-定向召回+限时折扣+30天有效
U009097,高潜新客,1,1287.95,47,1,0.20,P1-首单复购引导+配套推荐+专属客服跟进
U007541,高潜新客,1,1269.75,35,1,0.20,P1-首单复购引导+配套推荐+专属客服跟进
U005087,高潜新客,1,1266.34,32,1,0.20,P1-首单复购引导+配套推荐+专属客服跟进
U009117,高潜新客,1,1246.26,18,1,0.20,P1-首单复购引导+配套推荐+专属客服跟进
U000161,唤醒高潜,2,1239.37,76,1,0.15,P1-定向召回+限时折扣+30天有效
U007147,高潜新客,1,1239.31,36,1,0.20,P1-首单复购引导+配套推荐+专属客服跟进
U009652,唤醒高潜,2,1230.30,107,1,0.15,P1-定向召回+限时折扣+30天有效
U001192,高潜新客,1,1212.47,9,1,0.20,P1-首单复购引导+配套推荐+专属客服跟进
U004338,唤醒高潜,2,1205.16,144,1,0.15,P1-定向召回+限时折扣+30天有效
U004150,高潜新客,1,1187.64,52,1,0.20,P1-首单复购引导+配套推荐+专属客服跟进
U000188,唤醒高潜,2,1185.99,67,1,0.15,P1-定向召回+限时折扣+30天有效
U009778,高潜新客,1,1184.69,37,1,0.20,P1-首单复购引导+配套推荐+专属客服跟进
U005384,高潜新客,1,1177.50,1,1,0.20,P1-首单复购引导+配套推荐+专属客服跟进
U009073,唤醒高潜,2,1174.71,152,1,0.15,P1-定向召回+限时折扣+30天有效
U009090,高潜新客,1,1172.24,36,1,0.20,P1-首单复购引导+配套推荐+专属客服跟进
U006722,高潜新客,1,1170.13,56,1,0.20,P1-首单复购引导+配套推荐+专属客服跟进
U007599,唤醒高潜,2,1142.65,120,1,0.15,P1-定向召回+限时折扣+30天有效
U004643,高潜新客,1,1134.93,30,1,0.20,P1-首单复购引导+配套推荐+专属客服跟进
U001679,高潜新客,1,1114.47,7,1,0.20,P1-首单复购引导+配套推荐+专属客服跟进
U008794,唤醒高潜,2,1095.40,108,1,0.15,P1-定向召回+限时折扣+30天有效
U008765,高潜新客,1,1093.37,52,1,0.20,P1-首单复购引导+配套推荐+专属客服跟进
U004544,高潜新客,1,1088.04,13,1,0.20,P1-首单复购引导+配套推荐+专属客服跟进
U009377,高潜新客,1,1080.46,2,1,0.20,P1-首单复购引导+配套推荐+专属客服跟进
U003909,高潜新客,1,1077.36,15,1,0.20,P1-首单复购引导+配套推荐+专属客服跟进
U009109,高潜新客,1,1072.83,53,1,0.20,P1-首单复购引导+配套推荐+专属客服跟进
U008481,高潜新客,1,1072.76,58,1,0.20,P1-首单复购引导+配套推荐+专属客服跟进
U005597,唤醒高潜,2,1067.36,143,1,0.15,P1-定向召回+限时折扣+30天有效
U003255,唤醒高潜,2,1057.37,78,1,0.15,P1-定向召回+限时折扣+30天有效
U006806,唤醒高潜,2,1055.18,72,1,0.15,P1-定向召回+限时折扣+30天有效
U001052,唤醒高潜,3,1045.75,87,1,0.15,P1-定向召回+限时折扣+30天有效
U002960,高潜新客,1,1042.53,52,1,0.20,P1-首单复购引导+配套推荐+专属客服跟进
U004227,高潜新客,1,1026.27,29,1,0.20,P1-首单复购引导+配套推荐+专属客服跟进
U004894,高潜新客,1,1022.32,4,1,0.20,P1-首单复购引导+配套推荐+专属客服跟进
U004923,唤醒高潜,2,1020.68,63,1,0.15,P1-定向召回+限时折扣+30天有效
U002429,高潜新客,1,1007.48,49,1,0.20,P1-首单复购引导+配套推荐+专属客服跟进
U002704,高潜新客,1,999.12,7,1,0.20,P1-首单复购引导+配套推荐+专属客服跟进
U005330,高潜新客,1,984.19,24,1,0.20,P1-首单复购引导+配套推荐+专属客服跟进
U005752,高潜新客,1,965.72,1,1,0.20,P1-首单复购引导+配套推荐+专属客服跟进
U008369,高潜新客,1,956.61,9,1,0.20,P1-首单复购引导+配套推荐+专属客服跟进
U008345,唤醒高潜,2,956.36,141,1,0.15,P1-定向召回+限时折扣+30天有效
U000078,高潜新客,1,956.29,42,1,0.20,P1-首单复购引导+配套推荐+专属客服跟进
U005187,高潜新客,1,952.04,9,1,0.20,P1-首单复购引导+配套推荐+专属客服跟进
U005758,高潜新客,1,949.70,5,1,0.20,P1-首单复购引导+配套推荐+专属客服跟进
U008968,高潜新客,1,938.25,38,1,0.20,P1-首单复购引导+配套推荐+专属客服跟进
U004153,高潜新客,1,919.57,38,1,0.20,P1-首单复购引导+配套推荐+专属客服跟进
U005621,高潜新客,1,912.60,27,1,0.20,P1-首单复购引导+配套推荐+专属客服跟进
U006337,高潜新客,1,907.26,44,1,0.20,P1-首单复购引导+配套推荐+专属客服跟进
U001604,高潜新客,1,902.41,27,1,0.20,P1-首单复购引导+配套推荐+专属客服跟进
U005354,高潜新客,1,891.49,23,1,0.20,P1-首单复购引导+配套推荐+专属客服跟进
U000379,高潜新客,1,884.25,11,1,0.20,P1-首单复购引导+配套推荐+专属客服跟进
U002313,高潜新客,1,872.48,33,1,0.20,P1-首单复购引导+配套推荐+专属客服跟进
U001054,唤醒高潜,3,842.63,99,1,0.15,P1-定向召回+限时折扣+30天有效
U002465,唤醒高潜,2,840.79,99,1,0.15,P1-定向召回+限时折扣+30天有效
U006901,唤醒高潜,2,835.10,156,1,0.15,P1-定向召回+限时折扣+30天有效
U008267,唤醒高潜,2,814.02,65,1,0.15,P1-定向召回+限时折扣+30天有效
U008148,唤醒高潜,2,813.59,146,1,0.15,P1-定向召回+限时折扣+30天有效
U004098,唤醒高潜,3,797.53,157,1,0.15,P1-定向召回+限时折扣+30天有效
U007598,唤醒高潜,2,796.54,89,1,0.15,P1-定向召回+限时折扣+30天有效
U003999,活跃复购潜力用户,2,789.49,15,1,0.25,P1-Books/Sports品类优惠券+交叉销售推荐+积分翻倍
U002995,唤醒高潜,2,765.27,89,1,0.15,P1-定向召回+限时折扣+30天有效
U002856,唤醒高潜,2,754.06,84,1,0.15,P1-定向召回+限时折扣+30天有效
U001383,唤醒高潜,2,722.50,144,1,0.15,P1-定向召回+限时折扣+30天有效
U002864,活跃复购潜力用户,2,713.23,45,1,0.25,P1-Books/Sports品类优惠券+交叉销售推荐+积分翻倍
U002878,唤醒高潜,2,704.34,152,1,0.15,P1-定向召回+限时折扣+30天有效
U008677,活跃复购潜力用户,2,700.59,7,1,0.25,P1-Books/Sports品类优惠券+交叉销售推荐+积分翻倍
U003993,唤醒高潜,2,699.10,88,1,0.15,P1-定向召回+限时折扣+30天有效
U002925,唤醒高潜,2,676.29,108,1,0.15,P1-定向召回+限时折扣+30天有效
U006238,活跃复购潜力用户,2,672.25,22,1,0.25,P1-Books/Sports品类优惠券+交叉销售推荐+积分翻倍
U009562,唤醒高潜,2,628.06,66,1,0.15,P1-定向召回+限时折扣+30天有效
U000695,唤醒高潜,2,627.11,64,1,0.15,P1-定向召回+限时折扣+30天有效
U000514,活跃复购潜力用户,2,618.42,25,1,0.25,P1-Books/Sports品类优惠券+交叉销售推荐+积分翻倍
U009526,唤醒高潜,2,603.81,174,1,0.15,P1-定向召回+限时折扣+30天有效
U008365,活跃复购潜力用户,2,593.90,9,1,0.25,P1-Books/Sports品类优惠券+交叉销售推荐+积分翻倍
U002885,活跃复购潜力用户,2,589.00,29,1,0.25,P1-Books/Sports品类优惠券+交叉销售推荐+积分翻倍
U004298,唤醒高潜,2,585.33,65,1,0.15,P1-定向召回+限时折扣+30天有效
U001759,活跃复购潜力用户,3,533.60,23,1,0.25,P1-Books/Sports品类优惠券+交叉销售推荐+积分翻倍
U009900,唤醒高潜,2,525.91,110,1,0.15,P1-定向召回+限时折扣+30天有效
U001719,唤醒高潜,2,502.38,139,1,0.15,P1-定向召回+限时折扣+30天有效
U007833,活跃复购潜力用户,2,501.70,5,1,0.25,P1-Books/Sports品类优惠券+交叉销售推荐+积分翻倍
U005386,唤醒高潜,2,497.60,62,1,0.15,P1-定向召回+限时折扣+30天有效
U001722,唤醒高潜,2,453.13,172,1,0.15,P1-定向召回+限时折扣+30天有效
U005342,唤醒高潜,2,451.07,99,1,0.15,P1-定向召回+限时折扣+30天有效
U003558,活跃复购潜力用户,2,450.57,10,1,0.25,P1-Books/Sports品类优惠券+交叉销售推荐+积分翻倍
U007964,唤醒高潜,2,444.83,141,1,0.15,P1-定向召回+限时折扣+30天有效
U002102,唤醒高潜,2,443.41,115,1,0.15,P1-定向召回+限时折扣+30天有效
U005610,唤醒高潜,3,435.49,109,1,0.15,P1-定向召回+限时折扣+30天有效
U001565,活跃复购潜力用户,2,404.76,38,1,0.25,P1-Books/Sports品类优惠券+交叉销售推荐+积分翻倍
U001973,活跃复购潜力用户,2,378.27,20,1,0.25,P1-Books/Sports品类优惠券+交叉销售推荐+积分翻倍
U005059,活跃复购潜力用户,2,362.67,43,1,0.25,P1-Books/Sports品类优惠券+交叉销售推荐+积分翻倍
U008373,唤醒高潜,2,360.59,110,1,0.15,P1-定向召回+限时折扣+30天有效
U002661,唤醒高潜,2,359.81,149,1,0.15,P1-定向召回+限时折扣+30天有效
U005398,唤醒高潜,2,352.40,108,1,0.15,P1-定向召回+限时折扣+30天有效
U000909,唤醒高潜,2,345.60,102,1,0.15,P1-定向召回+限时折扣+30天有效
U006457,活跃复购潜力用户,2,344.89,8,1,0.25,P1-Books/Sports品类优惠券+交叉销售推荐+积分翻倍
U004682,活跃复购潜力用户,2,341.06,13,1,0.25,P1-Books/Sports品类优惠券+交叉销售推荐+积分翻倍
U003998,唤醒高潜,2,326.66,175,1,0.15,P1-定向召回+限时折扣+30天有效
U006408,活跃复购潜力用户,2,324.89,45,1,0.25,P1-Books/Sports品类优惠券+交叉销售推荐+积分翻倍
U000264,活跃复购潜力用户,2,322.87,23,1,0.25,P1-Books/Sports品类优惠券+交叉销售推荐+积分翻倍
U009240,唤醒高潜,2,316.23,131,1,0.15,P1-定向召回+限时折扣+30天有效
U006330,唤醒高潜,2,315.12,69,1,0.15,P1-定向召回+限时折扣+30天有效
U008674,活跃复购潜力用户,2,312.02,39,1,0.25,P1-Books/Sports品类优惠券+交叉销售推荐+积分翻倍
U004825,活跃复购潜力用户,2,302.67,31,1,0.25,P1-Books/Sports品类优惠券+交叉销售推荐+积分翻倍
U003773,活跃复购潜力用户,2,301.69,24,1,0.25,P1-Books/Sports品类优惠券+交叉销售推荐+积分翻倍
U000299,活跃复购潜力用户,2,272.03,8,1,0.25,P1-Books/Sports品类优惠券+交叉销售推荐+积分翻倍
U008431,活跃复购潜力用户,2,268.13,13,1,0.25,P1-Books/Sports品类优惠券+交叉销售推荐+积分翻倍
U003842,唤醒高潜,2,235.72,151,1,0.15,P1-定向召回+限时折扣+30天有效
U005833,唤醒高潜,2,215.89,138,1,0.15,P1-定向召回+限时折扣+30天有效
U004179,唤醒高潜,2,198.94,162,1,0.15,P1-定向召回+限时折扣+30天有效
U008082,活跃复购潜力用户,2,196.14,23,1,0.25,P1-Books/Sports品类优惠券+交叉销售推荐+积分翻倍
U009022,唤醒高潜,2,191.10,166,1,0.15,P1-定向召回+限时折扣+30天有效
U004210,唤醒高潜,2,189.82,160,1,0.15,P1-定向召回+限时折扣+30天有效
U004996,唤醒高潜,2,160.96,92,1,0.15,P1-定向召回+限时折扣+30天有效
U003276,唤醒高潜,2,141.26,72,1,0.15,P1-定向召回+限时折扣+30天有效
U002731,流失高潜用户,2,1867.39,363,2,0.10,P2-精准召回+品类强激励+双重触达
U009857,流失高潜用户,2,1824.10,329,2,0.10,P2-精准召回+品类强激励+双重触达
U007148,流失高潜用户,2,1785.02,213,2,0.10,P2-精准召回+品类强激励+双重触达
U006410,流失高潜用户,2,1727.22,247,2,0.10,P2-精准召回+品类强激励+双重触达
U008088,流失高潜用户,2,1706.57,313,2,0.10,P2-精准召回+品类强激励+双重触达
U004053,流失高潜用户,2,1702.66,276,2,0.10,P2-精准召回+品类强激励+双重触达
U006310,流失高潜用户,2,1479.12,222,2,0.10,P2-精准召回+品类强激励+双重触达
U004211,流失高潜用户,2,1450.38,372,2,0.10,P2-精准召回+品类强激励+双重触达
U008275,流失高潜用户,2,1443.68,216,2,0.10,P2-精准召回+品类强激励+双重触达
U009269,流失高潜用户,2,1387.48,347,2,0.10,P2-精准召回+品类强激励+双重触达
U002336,流失高潜用户,2,1379.46,357,2,0.10,P2-精准召回+品类强激励+双重触达
U003910,流失高潜用户,2,1287.08,184,2,0.10,P2-精准召回+品类强激励+双重触达
U003273,流失高潜用户,2,1279.37,233,2,0.10,P2-精准召回+品类强激励+双重触达
U003289,流失高潜用户,2,1250.95,210,2,0.10,P2-精准召回+品类强激励+双重触达
U005128,流失高潜用户,2,1236.34,203,2,0.10,P2-精准召回+品类强激励+双重触达
U005742,流失高潜用户,2,1205.77,225,2,0.10,P2-精准召回+品类强激励+双重触达
U004413,流失高潜用户,2,1176.82,238,2,0.10,P2-精准召回+品类强激励+双重触达
U004853,流失高潜用户,2,1068.24,286,2,0.10,P2-精准召回+品类强激励+双重触达
U004961,流失高潜用户,2,1067.68,280,2,0.10,P2-精准召回+品类强激励+双重触达
U008724,流失高潜用户,2,1017.97,350,2,0.10,P2-精准召回+品类强激励+双重触达
U009334,流失高潜用户,2,1008.98,464,2,0.10,P2-精准召回+品类强激励+双重触达
U009651,流失高潜用户,2,983.11,534,2,0.10,P2-精准召回+品类强激励+双重触达
U004376,流失高潜用户,2,949.43,187,2,0.10,P2-精准召回+品类强激励+双重触达
U000623,流失高潜用户,2,889.77,377,2,0.10,P2-精准召回+品类强激励+双重触达
U002362,普通新客,1,871.03,57,2,0.12,P2-7天复购提醒+品类教育邮件+首单满减券
U002834,流失高潜用户,2,845.55,367,2,0.10,P2-精准召回+品类强激励+双重触达
U005792,普通新客,1,833.80,57,2,0.12,P2-7天复购提醒+品类教育邮件+首单满减券
U007551,流失高潜用户,3,833.14,337,2,0.10,P2-精准召回+品类强激励+双重触达
U003610,流失高潜用户,2,823.68,183,2,0.10,P2-精准召回+品类强激励+双重触达
U001857,普通新客,1,819.76,57,2,0.12,P2-7天复购提醒+品类教育邮件+首单满减券
U006498,普通新客,1,810.57,18,2,0.12,P2-7天复购提醒+品类教育邮件+首单满减券
U002012,普通新客,1,809.67,58,2,0.12,P2-7天复购提醒+品类教育邮件+首单满减券
U009777,流失高潜用户,2,806.74,274,2,0.10,P2-精准召回+品类强激励+双重触达
U003820,流失高潜用户,2,805.92,200,2,0.10,P2-精准召回+品类强激励+双重触达
U007813,普通新客,1,802.60,30,2,0.12,P2-7天复购提醒+品类教育邮件+首单满减券
U000731,普通新客,1,796.28,35,2,0.12,P2-7天复购提醒+品类教育邮件+首单满减券
U005378,普通新客,1,756.54,1,2,0.12,P2-7天复购提醒+品类教育邮件+首单满减券
U003455,普通新客,1,746.51,16,2,0.12,P2-7天复购提醒+品类教育邮件+首单满减券
U009789,普通新客,1,737.18,44,2,0.12,P2-7天复购提醒+品类教育邮件+首单满减券
U004898,流失高潜用户,2,731.08,200,2,0.10,P2-精准召回+品类强激励+双重触达
U005715,普通新客,1,721.06,47,2,0.12,P2-7天复购提醒+品类教育邮件+首单满减券
U004287,普通新客,1,718.40,60,2,0.12,P2-7天复购提醒+品类教育邮件+首单满减券
U004368,普通新客,1,710.01,19,2,0.12,P2-7天复购提醒+品类教育邮件+首单满减券
U005355,普通新客,1,698.24,53,2,0.12,P2-7天复购提醒+品类教育邮件+首单满减券
U000846,普通新客,1,696.80,41,2,0.12,P2-7天复购提醒+品类教育邮件+首单满减券
U008535,普通新客,1,694.93,45,2,0.12,P2-7天复购提醒+品类教育邮件+首单满减券
U009179,普通新客,1,689.32,58,2,0.12,P2-7天复购提醒+品类教育邮件+首单满减券
U003295,普通新客,1,686.89,24,2,0.12,P2-7天复购提醒+品类教育邮件+首单满减券
U006214,普通新客,1,679.08,4,2,0.12,P2-7天复购提醒+品类教育邮件+首单满减券
U004668,流失高潜用户,2,678.64,199,2,0.10,P2-精准召回+品类强激励+双重触达
U004751,普通新客,1,674.12,29,2,0.12,P2-7天复购提醒+品类教育邮件+首单满减券
U009813,普通新客,1,670.63,36,2,0.12,P2-7天复购提醒+品类教育邮件+首单满减券
U004756,普通新客,1,665.85,34,2,0.12,P2-7天复购提醒+品类教育邮件+首单满减券
U008954,普通新客,1,660.72,30,2,0.12,P2-7天复购提醒+品类教育邮件+首单满减券
U007490,普通新客,1,659.22,27,2,0.12,P2-7天复购提醒+品类教育邮件+首单满减券
U007467,普通新客,1,655.19,60,2,0.12,P2-7天复购提醒+品类教育邮件+首单满减券
U008799,普通新客,1,651.70,2,2,0.12,P2-7天复购提醒+品类教育邮件+首单满减券
U008044,普通新客,1,643.14,44,2,0.12,P2-7天复购提醒+品类教育邮件+首单满减券
U002047,普通新客,1,631.84,60,2,0.12,P2-7天复购提醒+品类教育邮件+首单满减券
U008728,普通新客,1,631.84,19,2,0.12,P2-7天复购提醒+品类教育邮件+首单满减券
U003884,普通新客,1,628.05,10,2,0.12,P2-7天复购提醒+品类教育邮件+首单满减券
U001394,普通新客,1,620.82,51,2,0.12,P2-7天复购提醒+品类教育邮件+首单满减券
U006105,普通新客,1,616.50,20,2,0.12,P2-7天复购提醒+品类教育邮件+首单满减券
U005484,普通新客,1,611.37,46,2,0.12,P2-7天复购提醒+品类教育邮件+首单满减券
U001309,流失高潜用户,2,609.23,516,2,0.10,P2-精准召回+品类强激励+双重触达
U008601,流失高潜用户,2,608.29,199,2,0.10,P2-精准召回+品类强激励+双重触达
U004284,普通新客,1,580.60,17,2,0.12,P2-7天复购提醒+品类教育邮件+首单满减券
U009459,普通新客,1,578.76,57,2,0.12,P2-7天复购提醒+品类教育邮件+首单满减券
U009902,流失高潜用户,2,572.98,364,2,0.10,P2-精准召回+品类强激励+双重触达
U000545,流失高潜用户,2,561.47,205,2,0.10,P2-精准召回+品类强激励+双重触达
U005131,流失高潜用户,2,557.50,279,2,0.10,P2-精准召回+品类强激励+双重触达
U006524,普通新客,1,556.80,50,2,0.12,P2-7天复购提醒+品类教育邮件+首单满减券
U000322,流失高潜用户,3,545.32,310,2,0.10,P2-精准召回+品类强激励+双重触达
U005007,普通新客,1,535.32,52,2,0.12,P2-7天复购提醒+品类教育邮件+首单满减券
U000594,普通新客,1,533.63,11,2,0.12,P2-7天复购提醒+品类教育邮件+首单满减券
U007480,普通新客,1,529.81,3,2,0.12,P2-7天复购提醒+品类教育邮件+首单满减券
U009219,流失高潜用户,2,525.96,202,2,0.10,P2-精准召回+品类强激励+双重触达
U001360,普通新客,1,525.22,42,2,0.12,P2-7天复购提醒+品类教育邮件+首单满减券
U009913,普通新客,1,524.75,29,2,0.12,P2-7天复购提醒+品类教育邮件+首单满减券
U009583,普通新客,1,523.48,4,2,0.12,P2-7天复购提醒+品类教育邮件+首单满减券
U005033,普通新客,1,517.82,43,2,0.12,P2-7天复购提醒+品类教育邮件+首单满减券
U000204,普通新客,1,516.84,40,2,0.12,P2-7天复购提醒+品类教育邮件+首单满减券
U007489,普通新客,1,514.28,21,2,0.12,P2-7天复购提醒+品类教育邮件+首单满减券
U000795,流失高潜用户,2,504.54,285,2,0.10,P2-精准召回+品类强激励+双重触达
U009306,流失高潜用户,2,503.94,410,2,0.10,P2-精准召回+品类强激励+双重触达
U004660,普通新客,1,502.83,54,2,0.12,P2-7天复购提醒+品类教育邮件+首单满减券
U003527,普通新客,1,495.63,26,2,0.12,P2-7天复购提醒+品类教育邮件+首单满减券
U000218,普通新客,1,495.01,46,2,0.12,P2-7天复购提醒+品类教育邮件+首单满减券
U006346,普通新客,1,494.84,7,2,0.12,P2-7天复购提醒+品类教育邮件+首单满减券
U001357,普通新客,1,492.29,42,2,0.12,P2-7天复购提醒+品类教育邮件+首单满减券
U008712,流失高潜用户,2,491.78,231,2,0.10,P2-精准召回+品类强激励+双重触达
U004564,普通新客,1,488.59,27,2,0.12,P2-7天复购提醒+品类教育邮件+首单满减券
U009519,普通新客,1,488.59,31,2,0.12,P2-7天复购提醒+品类教育邮件+首单满减券
U003781,普通新客,1,484.22,2,2,0.12,P2-7天复购提醒+品类教育邮件+首单满减券
U005096,普通新客,1,474.22,26,2,0.12,P2-7天复购提醒+品类教育邮件+首单满减券
U009504,普通新客,1,474.18,42,2,0.12,P2-7天复购提醒+品类教育邮件+首单满减券
U008877,普通新客,1,465.02,37,2,0.12,P2-7天复购提醒+品类教育邮件+首单满减券
U001225,普通新客,1,463.10,9,2,0.12,P2-7天复购提醒+品类教育邮件+首单满减券
U005362,普通新客,1,457.27,54,2,0.12,P2-7天复购提醒+品类教育邮件+首单满减券
U007834,普通新客,1,447.84,19,2,0.12,P2-7天复购提醒+品类教育邮件+首单满减券
U001397,普通新客,1,447.60,3,2,0.12,P2-7天复购提醒+品类教育邮件+首单满减券
U005627,普通新客,1,447.42,27,2,0.12,P2-7天复购提醒+品类教育邮件+首单满减券
U000713,流失高潜用户,2,442.11,273,2,0.10,P2-精准召回+品类强激励+双重触达
U005670,普通新客,1,439.88,39,2,0.12,P2-7天复购提醒+品类教育邮件+首单满减券
U009721,普通新客,1,423.18,6,2,0.12,P2-7天复购提醒+品类教育邮件+首单满减券
U006728,普通新客,1,422.15,57,2,0.12,P2-7天复购提醒+品类教育邮件+首单满减券
U003576,流失高潜用户,3,420.61,390,2,0.10,P2-精准召回+品类强激励+双重触达
U003242,流失高潜用户,2,420.34,300,2,0.10,P2-精准召回+品类强激励+双重触达
U005326,流失高潜用户,2,419.74,185,2,0.10,P2-精准召回+品类强激励+双重触达
U005523,普通新客,1,413.78,52,2,0.12,P2-7天复购提醒+品类教育邮件+首单满减券
U001311,普通新客,1,410.63,58,2,0.12,P2-7天复购提醒+品类教育邮件+首单满减券
U001423,普通新客,1,405.41,33,2,0.12,P2-7天复购提醒+品类教育邮件+首单满减券
U002578,普通新客,1,402.31,57,2,0.12,P2-7天复购提醒+品类教育邮件+首单满减券
U009658,普通新客,1,402.26,35,2,0.12,P2-7天复购提醒+品类教育邮件+首单满减券
U004505,普通新客,1,401.23,7,2,0.12,P2-7天复购提醒+品类教育邮件+首单满减券
U003811,流失高潜用户,2,397.46,406,2,0.10,P2-精准召回+品类强激励+双重触达
U001137,普通新客,1,394.91,6,2,0.12,P2-7天复购提醒+品类教育邮件+首单满减券
U005843,普通新客,1,393.96,51,2,0.12,P2-7天复购提醒+品类教育邮件+首单满减券
U008518,普通新客,1,386.29,7,2,0.12,P2-7天复购提醒+品类教育邮件+首单满减券
U005557,普通新客,1,380.00,9,2,0.12,P2-7天复购提醒+品类教育邮件+首单满减券
U003684,普通新客,1,376.36,8,2,0.12,P2-7天复购提醒+品类教育邮件+首单满减券
U001550,普通新客,1,371.60,23,2,0.12,P2-7天复购提醒+品类教育邮件+首单满减券
U003671,普通新客,1,371.53,27,2,0.12,P2-7天复购提醒+品类教育邮件+首单满减券
U006843,流失高潜用户,2,371.39,338,2,0.10,P2-精准召回+品类强激励+双重触达
U007643,普通新客,1,370.92,36,2,0.12,P2-7天复购提醒+品类教育邮件+首单满减券
U004945,普通新客,1,369.33,59,2,0.12,P2-7天复购提醒+品类教育邮件+首单满减券
U004971,流失高潜用户,2,358.91,212,2,0.10,P2-精准召回+品类强激励+双重触达
U004948,普通新客,1,357.33,21,2,0.12,P2-7天复购提醒+品类教育邮件+首单满减券
U001204,流失高潜用户,2,356.89,499,2,0.10,P2-精准召回+品类强激励+双重触达
U001435,普通新客,1,349.64,22,2,0.12,P2-7天复购提醒+品类教育邮件+首单满减券
U008328,普通新客,1,312.62,29,2,0.12,P2-7天复购提醒+品类教育邮件+首单满减券
U001363,普通新客,1,311.96,47,2,0.12,P2-7天复购提醒+品类教育邮件+首单满减券
U007453,流失高潜用户,3,311.45,256,2,0.10,P2-精准召回+品类强激励+双重触达
U007499,普通新客,1,308.53,30,2,0.12,P2-7天复购提醒+品类教育邮件+首单满减券
U003237,流失高潜用户,2,302.83,511,2,0.10,P2-精准召回+品类强激励+双重触达
U002484,普通新客,1,302.05,1,2,0.12,P2-7天复购提醒+品类教育邮件+首单满减券
U008435,普通新客,1,301.85,21,2,0.12,P2-7天复购提醒+品类教育邮件+首单满减券
U008900,普通新客,1,299.58,3,2,0.12,P2-7天复购提醒+品类教育邮件+首单满减券
U007199,普通新客,1,293.74,15,2,0.12,P2-7天复购提醒+品类教育邮件+首单满减券
U001325,普通新客,1,293.47,40,2,0.12,P2-7天复购提醒+品类教育邮件+首单满减券
U007925,普通新客,1,293.07,51,2,0.12,P2-7天复购提醒+品类教育邮件+首单满减券
U009830,普通新客,1,290.49,25,2,0.12,P2-7天复购提醒+品类教育邮件+首单满减券
U006659,流失高潜用户,2,290.34,266,2,0.10,P2-精准召回+品类强激励+双重触达
U008884,流失高潜用户,2,287.64,307,2,0.10,P2-精准召回+品类强激励+双重触达
U002841,普通新客,1,281.48,28,2,0.12,P2-7天复购提醒+品类教育邮件+首单满减券
U002499,普通新客,1,268.91,25,2,0.12,P2-7天复购提醒+品类教育邮件+首单满减券
U004989,普通新客,1,268.47,44,2,0.12,P2-7天复购提醒+品类教育邮件+首单满减券
U009987,流失高潜用户,2,266.70,333,2,0.10,P2-精准召回+品类强激励+双重触达
U005190,流失高潜用户,2,263.21,205,2,0.10,P2-精准召回+品类强激励+双重触达
U000375,流失高潜用户,2,263.06,310,2,0.10,P2-精准召回+品类强激励+双重触达
U004441,流失高潜用户,2,262.87,459,2,0.10,P2-精准召回+品类强激励+双重触达
U005092,普通新客,1,261.74,57,2,0.12,P2-7天复购提醒+品类教育邮件+首单满减券
U004994,普通新客,1,256.25,21,2,0.12,P2-7天复购提醒+品类教育邮件+首单满减券
U007688,普通新客,1,255.80,14,2,0.12,P2-7天复购提醒+品类教育邮件+首单满减券
U003669,普通新客,1,255.71,51,2,0.12,P2-7天复购提醒+品类教育邮件+首单满减券
U003540,普通新客,1,252.10,6,2,0.12,P2-7天复购提醒+品类教育邮件+首单满减券
U009107,流失高潜用户,2,245.14,507,2,0.10,P2-精准召回+品类强激励+双重触达
U008479,普通新客,1,244.67,54,2,0.12,P2-7天复购提醒+品类教育邮件+首单满减券
U009766,普通新客,1,244.36,50,2,0.12,P2-7天复购提醒+品类教育邮件+首单满减券
U006374,普通新客,1,242.52,51,2,0.12,P2-7天复购提醒+品类教育邮件+首单满减券
U006838,普通新客,1,238.36,13,2,0.12,P2-7天复购提醒+品类教育邮件+首单满减券
U008584,普通新客,1,236.97,56,2,0.12,P2-7天复购提醒+品类教育邮件+首单满减券
U002125,普通新客,1,234.49,13,2,0.12,P2-7天复购提醒+品类教育邮件+首单满减券
U005551,普通新客,1,234.34,45,2,0.12,P2-7天复购提醒+品类教育邮件+首单满减券
U000338,普通新客,1,232.48,42,2,0.12,P2-7天复购提醒+品类教育邮件+首单满减券
U005161,普通新客,1,231.66,30,2,0.12,P2-7天复购提醒+品类教育邮件+首单满减券
U000141,普通新客,1,226.24,47,2,0.12,P2-7天复购提醒+品类教育邮件+首单满减券
U000677,普通新客,1,226.20,5,2,0.12,P2-7天复购提醒+品类教育邮件+首单满减券
U004289,流失高潜用户,2,218.18,200,2,0.10,P2-精准召回+品类强激励+双重触达
U008197,普通新客,1,215.60,13,2,0.12,P2-7天复购提醒+品类教育邮件+首单满减券
U000321,流失高潜用户,2,213.47,293,2,0.10,P2-精准召回+品类强激励+双重触达
U008001,普通新客,1,210.96,49,2,0.12,P2-7天复购提醒+品类教育邮件+首单满减券
U008876,普通新客,1,208.92,25,2,0.12,P2-7天复购提醒+品类教育邮件+首单满减券
U006798,普通新客,1,207.17,30,2,0.12,P2-7天复购提醒+品类教育邮件+首单满减券
U001180,普通新客,1,204.78,22,2,0.12,P2-7天复购提醒+品类教育邮件+首单满减券
U001502,流失高潜用户,2,203.97,258,2,0.10,P2-精准召回+品类强激励+双重触达
U007521,普通新客,1,199.79,32,2,0.12,P2-7天复购提醒+品类教育邮件+首单满减券
U000728,普通新客,1,197.04,4,2,0.12,P2-7天复购提醒+品类教育邮件+首单满减券
U004919,普通新客,1,189.09,39,2,0.12,P2-7天复购提醒+品类教育邮件+首单满减券
U004917,普通新客,1,188.98,40,2,0.12,P2-7天复购提醒+品类教育邮件+首单满减券
U003221,普通新客,1,185.46,49,2,0.12,P2-7天复购提醒+品类教育邮件+首单满减券
U006132,普通新客,1,184.98,34,2,0.12,P2-7天复购提醒+品类教育邮件+首单满减券
U005961,普通新客,1,184.09,41,2,0.12,P2-7天复购提醒+品类教育邮件+首单满减券
U003159,普通新客,1,177.36,33,2,0.12,P2-7天复购提醒+品类教育邮件+首单满减券
U004683,普通新客,1,175.38,40,2,0.12,P2-7天复购提醒+品类教育邮件+首单满减券
U007252,普通新客,1,173.94,26,2,0.12,P2-7天复购提醒+品类教育邮件+首单满减券
U001853,流失高潜用户,2,168.33,472,2,0.10,P2-精准召回+品类强激励+双重触达
U000371,普通新客,1,166.64,9,2,0.12,P2-7天复购提醒+品类教育邮件+首单满减券
U000861,普通新客,1,162.11,5,2,0.12,P2-7天复购提醒+品类教育邮件+首单满减券
U006811,普通新客,1,160.90,6,2,0.12,P2-7天复购提醒+品类教育邮件+首单满减券
U006015,普通新客,1,159.71,56,2,0.12,P2-7天复购提醒+品类教育邮件+首单满减券
U009709,普通新客,1,158.84,43,2,0.12,P2-7天复购提醒+品类教育邮件+首单满减券
U006538,普通新客,1,157.79,41,2,0.12,P2-7天复购提醒+品类教育邮件+首单满减券
U009866,普通新客,1,156.31,12,2,0.12,P2-7天复购提醒+品类教育邮件+首单满减券
U008694,流失高潜用户,2,156.00,313,2,0.10,P2-精准召回+品类强激励+双重触达
U009962,普通新客,1,154.67,41,2,0.12,P2-7天复购提醒+品类教育邮件+首单满减券
U004735,普通新客,1,153.80,15,2,0.12,P2-7天复购提醒+品类教育邮件+首单满减券
U008236,普通新客,1,152.26,20,2,0.12,P2-7天复购提醒+品类教育邮件+首单满减券
U002618,普通新客,1,150.58,17,2,0.12,P2-7天复购提醒+品类教育邮件+首单满减券
U006696,普通新客,1,147.47,18,2,0.12,P2-7天复购提醒+品类教育邮件+首单满减券
U004160,普通新客,1,140.40,9,2,0.12,P2-7天复购提醒+品类教育邮件+首单满减券
U000044,普通新客,1,139.64,21,2,0.12,P2-7天复购提醒+品类教育邮件+首单满减券
U008480,普通新客,1,136.13,11,2,0.12,P2-7天复购提醒+品类教育邮件+首单满减券
U006117,普通新客,1,135.69,41,2,0.12,P2-7天复购提醒+品类教育邮件+首单满减券
U009433,普通新客,1,134.99,3,2,0.12,P2-7天复购提醒+品类教育邮件+首单满减券
U001021,流失高潜用户,2,134.67,477,2,0.10,P2-精准召回+品类强激励+双重触达
U006959,普通新客,1,133.99,9,2,0.12,P2-7天复购提醒+品类教育邮件+首单满减券
U004485,普通新客,1,132.37,36,2,0.12,P2-7天复购提醒+品类教育邮件+首单满减券
U001824,普通新客,1,126.99,3,2,0.12,P2-7天复购提醒+品类教育邮件+首单满减券
U004805,普通新客,1,125.48,44,2,0.12,P2-7天复购提醒+品类教育邮件+首单满减券
U006702,普通新客,1,120.02,16,2,0.12,P2-7天复购提醒+品类教育邮件+首单满减券
U002478,普通新客,1,113.57,45,2,0.12,P2-7天复购提醒+品类教育邮件+首单满减券
U000137,普通新客,1,109.16,32,2,0.12,P2-7天复购提醒+品类教育邮件+首单满减券
U000625,普通新客,1,101.90,28,2,0.12,P2-7天复购提醒+品类教育邮件+首单满减券
U006703,普通新客,1,97.57,45,2,0.12,P2-7天复购提醒+品类教育邮件+首单满减券
U002149,普通新客,1,96.75,32,2,0.12,P2-7天复购提醒+品类教育邮件+首单满减券
U000817,普通新客,1,96.55,46,2,0.12,P2-7天复购提醒+品类教育邮件+首单满减券
U003556,普通新客,1,95.77,22,2,0.12,P2-7天复购提醒+品类教育邮件+首单满减券
U003616,普通新客,1,94.95,39,2,0.12,P2-7天复购提醒+品类教育邮件+首单满减券
U003753,普通新客,1,91.84,7,2,0.12,P2-7天复购提醒+品类教育邮件+首单满减券
U007906,普通新客,1,86.48,43,2,0.12,P2-7天复购提醒+品类教育邮件+首单满减券
U000232,普通新客,1,83.72,9,2,0.12,P2-7天复购提醒+品类教育邮件+首单满减券
U007314,普通新客,1,83.34,44,2,0.12,P2-7天复购提醒+品类教育邮件+首单满减券
U000782,普通新客,1,81.88,15,2,0.12,P2-7天复购提醒+品类教育邮件+首单满减券
U003124,普通新客,1,79.36,6,2,0.12,P2-7天复购提醒+品类教育邮件+首单满减券
U003864,普通新客,1,77.46,52,2,0.12,P2-7天复购提醒+品类教育邮件+首单满减券
U000066,普通新客,1,77.06,60,2,0.12,P2-7天复购提醒+品类教育邮件+首单满减券
U008276,普通新客,1,76.76,11,2,0.12,P2-7天复购提醒+品类教育邮件+首单满减券
U005157,普通新客,1,74.66,4,2,0.12,P2-7天复购提醒+品类教育邮件+首单满减券
U007463,普通新客,1,74.06,36,2,0.12,P2-7天复购提醒+品类教育邮件+首单满减券
U005923,普通新客,1,72.00,20,2,0.12,P2-7天复购提醒+品类教育邮件+首单满减券
U008792,普通新客,1,71.72,3,2,0.12,P2-7天复购提醒+品类教育邮件+首单满减券
U007841,普通新客,1,70.68,1,2,0.12,P2-7天复购提醒+品类教育邮件+首单满减券
U008083,普通新客,1,67.57,9,2,0.12,P2-7天复购提醒+品类教育邮件+首单满减券
U003310,普通新客,1,67.52,2,2,0.12,P2-7天复购提醒+品类教育邮件+首单满减券
U007553,普通新客,1,67.08,9,2,0.12,P2-7天复购提醒+品类教育邮件+首单满减券
U006759,普通新客,1,63.21,12,2,0.12,P2-7天复购提醒+品类教育邮件+首单满减券
U004799,普通新客,1,62.62,53,2,0.12,P2-7天复购提醒+品类教育邮件+首单满减券
U002603,普通新客,1,57.18,53,2,0.12,P2-7天复购提醒+品类教育邮件+首单满减券
U007256,普通新客,1,57.18,14,2,0.12,P2-7天复购提醒+品类教育邮件+首单满减券
U004125,普通新客,1,52.83,22,2,0.12,P2-7天复购提醒+品类教育邮件+首单满减券
U005350,普通新客,1,52.14,18,2,0.12,P2-7天复购提醒+品类教育邮件+首单满减券
U000921,普通新客,1,50.13,38,2,0.12,P2-7天复购提醒+品类教育邮件+首单满减券
U001893,普通新客,1,48.74,54,2,0.12,P2-7天复购提醒+品类教育邮件+首单满减券
U008985,普通新客,1,46.59,33,2,0.12,P2-7天复购提醒+品类教育邮件+首单满减券
U005066,普通新客,1,46.36,49,2,0.12,P2-7天复购提醒+品类教育邮件+首单满减券
U001202,普通新客,1,42.48,52,2,0.12,P2-7天复购提醒+品类教育邮件+首单满减券
U004614,普通新客,1,42.15,49,2,0.12,P2-7天复购提醒+品类教育邮件+首单满减券
U006367,普通新客,1,41.66,22,2,0.12,P2-7天复购提醒+品类教育邮件+首单满减券
U004522,普通新客,1,38.32,31,2,0.12,P2-7天复购提醒+品类教育邮件+首单满减券
U000824,普通新客,1,37.03,34,2,0.12,P2-7天复购提醒+品类教育邮件+首单满减券
U006459,普通新客,1,36.36,56,2,0.12,P2-7天复购提醒+品类教育邮件+首单满减券
U007496,普通新客,1,36.20,28,2,0.12,P2-7天复购提醒+品类教育邮件+首单满减券
U001695,普通新客,1,34.13,42,2,0.12,P2-7天复购提醒+品类教育邮件+首单满减券
U009689,普通新客,1,34.13,17,2,0.12,P2-7天复购提醒+品类教育邮件+首单满减券
U000303,普通新客,1,33.17,29,2,0.12,P2-7天复购提醒+品类教育邮件+首单满减券
U005058,普通新客,1,33.02,10,2,0.12,P2-7天复购提醒+品类教育邮件+首单满减券
U009051,普通新客,1,33.02,58,2,0.12,P2-7天复购提醒+品类教育邮件+首单满减券
U006225,普通新客,1,32.78,33,2,0.12,P2-7天复购提醒+品类教育邮件+首单满减券
U008731,普通新客,1,32.06,21,2,0.12,P2-7天复购提醒+品类教育邮件+首单满减券
U009552,普通新客,1,31.05,32,2,0.12,P2-7天复购提醒+品类教育邮件+首单满减券
U007228,普通新客,1,30.09,33,2,0.12,P2-7天复购提醒+品类教育邮件+首单满减券
U005387,普通新客,1,29.34,58,2,0.12,P2-7天复购提醒+品类教育邮件+首单满减券
U003458,普通新客,1,22.55,9,2,0.12,P2-7天复购提醒+品类教育邮件+首单满减券
U003431,普通新客,1,20.77,59,2,0.12,P2-7天复购提醒+品类教育邮件+首单满减券
U001471,普通新客,1,20.74,29,2,0.12,P2-7天复购提醒+品类教育邮件+首单满减券
U002635,普通新客,1,19.77,11,2,0.12,P2-7天复购提醒+品类教育邮件+首单满减券
U003263,普通新客,1,18.76,32,2,0.12,P2-7天复购提醒+品类教育邮件+首单满减券
U003046,普通新客,1,17.75,47,2,0.12,P2-7天复购提醒+品类教育邮件+首单满减券
U007771,普通新客,1,17.28,48,2,0.12,P2-7天复购提醒+品类教育邮件+首单满减券
U002677,普通新客,1,16.71,42,2,0.12,P2-7天复购提醒+品类教育邮件+首单满减券
U008971,普通新客,1,16.14,50,2,0.12,P2-7天复购提醒+品类教育邮件+首单满减券
U001839,普通新客,1,14.33,45,2,0.12,P2-7天复购提醒+品类教育邮件+首单满减券
U001782,普通新客,1,12.40,41,2,0.12,P2-7天复购提醒+品类教育邮件+首单满减券
U004863,普通新客,1,10.56,21,2,0.12,P2-7天复购提醒+品类教育邮件+首单满减券
U001977,普通新客,1,9.53,40,2,0.12,P2-7天复购提醒+品类教育邮件+首单满减券
U008608,普通新客,1,7.85,37,2,0.12,P2-7天复购提醒+品类教育邮件+首单满减券
U002075,普通新客,1,6.95,14,2,0.12,P2-7天复购提醒+品类教育邮件+首单满减券
U005021,普通新客,1,5.66,32,2,0.12,P2-7天复购提醒+品类教育邮件+首单满减券
U002162,普通新客,1,2.92,27,2,0.12,P2-7天复购提醒+品类教育邮件+首单满减券
U003808,唤醒普通,1,1964.28,127,3,0.05,P3-常规召回邮件+大促通知+小额优惠券
U002053,唤醒普通,1,1961.26,91,3,0.05,P3-常规召回邮件+大促通知+小额优惠券
U008512,唤醒普通,1,1933.47,103,3,0.05,P3-常规召回邮件+大促通知+小额优惠券
U009862,唤醒普通,1,1895.52,114,3,0.05,P3-常规召回邮件+大促通知+小额优惠券
U009981,唤醒普通,1,1876.56,124,3,0.05,P3-常规召回邮件+大促通知+小额优惠券
U007268,唤醒普通,1,1874.69,171,3,0.05,P3-常规召回邮件+大促通知+小额优惠券
U003755,唤醒普通,1,1859.46,77,3,0.05,P3-常规召回邮件+大促通知+小额优惠券
U001703,唤醒普通,1,1847.15,166,3,0.05,P3-常规召回邮件+大促通知+小额优惠券
U009291,唤醒普通,1,1829.11,133,3,0.05,P3-常规召回邮件+大促通知+小额优惠券
U009114,唤醒普通,1,1812.85,172,3,0.05,P3-常规召回邮件+大促通知+小额优惠券
U009268,唤醒普通,1,1804.96,68,3,0.05,P3-常规召回邮件+大促通知+小额优惠券
U005858,唤醒普通,1,1760.43,105,3,0.05,P3-常规召回邮件+大促通知+小额优惠券
U003314,唤醒普通,1,1728.48,121,3,0.05,P3-常规召回邮件+大促通知+小额优惠券
U003413,唤醒普通,1,1728.38,77,3,0.05,P3-常规召回邮件+大促通知+小额优惠券
U003782,唤醒普通,1,1708.37,62,3,0.05,P3-常规召回邮件+大促通知+小额优惠券
U000930,唤醒普通,1,1680.95,115,3,0.05,P3-常规召回邮件+大促通知+小额优惠券
U004117,唤醒普通,1,1629.48,92,3,0.05,P3-常规召回邮件+大促通知+小额优惠券
U003451,唤醒普通,1,1612.52,97,3,0.05,P3-常规召回邮件+大促通知+小额优惠券
U001741,唤醒普通,1,1607.69,122,3,0.05,P3-常规召回邮件+大促通知+小额优惠券
U006508,唤醒普通,1,1588.08,155,3,0.05,P3-常规召回邮件+大促通知+小额优惠券
U008085,唤醒普通,1,1570.70,92,3,0.05,P3-常规召回邮件+大促通知+小额优惠券
U005729,唤醒普通,1,1493.98,143,3,0.05,P3-常规召回邮件+大促通知+小额优惠券
U009656,唤醒普通,1,1491.17,132,3,0.05,P3-常规召回邮件+大促通知+小额优惠券
U008463,唤醒普通,1,1490.27,93,3,0.05,P3-常规召回邮件+大促通知+小额优惠券
U009448,唤醒普通,1,1487.74,118,3,0.05,P3-常规召回邮件+大促通知+小额优惠券
U000396,唤醒普通,1,1484.94,159,3,0.05,P3-常规召回邮件+大促通知+小额优惠券
U003269,唤醒普通,1,1477.91,147,3,0.05,P3-常规召回邮件+大促通知+小额优惠券
U003602,唤醒普通,1,1460.84,66,3,0.05,P3-常规召回邮件+大促通知+小额优惠券
U009645,唤醒普通,1,1437.14,108,3,0.05,P3-常规召回邮件+大促通知+小额优惠券
U001061,唤醒普通,1,1433.78,155,3,0.05,P3-常规召回邮件+大促通知+小额优惠券
U002382,唤醒普通,1,1431.60,68,3,0.05,P3-常规召回邮件+大促通知+小额优惠券
U002822,唤醒普通,1,1405.44,74,3,0.05,P3-常规召回邮件+大促通知+小额优惠券
U006387,唤醒普通,1,1395.25,74,3,0.05,P3-常规召回邮件+大促通知+小额优惠券
U002417,唤醒普通,1,1377.14,92,3,0.05,P3-常规召回邮件+大促通知+小额优惠券
U007947,唤醒普通,1,1359.40,68,3,0.05,P3-常规召回邮件+大促通知+小额优惠券
U007243,唤醒普通,1,1357.18,159,3,0.05,P3-常规召回邮件+大促通知+小额优惠券
U002773,唤醒普通,1,1337.73,81,3,0.05,P3-常规召回邮件+大促通知+小额优惠券
U009060,唤醒普通,1,1300.20,167,3,0.05,P3-常规召回邮件+大促通知+小额优惠券
U006624,唤醒普通,1,1278.28,77,3,0.05,P3-常规召回邮件+大促通知+小额优惠券
U006783,唤醒普通,1,1277.29,86,3,0.05,P3-常规召回邮件+大促通知+小额优惠券
U001537,唤醒普通,1,1249.04,159,3,0.05,P3-常规召回邮件+大促通知+小额优惠券
U009847,唤醒普通,1,1245.60,124,3,0.05,P3-常规召回邮件+大促通知+小额优惠券
U005723,唤醒普通,1,1236.54,120,3,0.05,P3-常规召回邮件+大促通知+小额优惠券
U002733,唤醒普通,1,1225.23,120,3,0.05,P3-常规召回邮件+大促通知+小额优惠券
U000154,唤醒普通,1,1203.06,89,3,0.05,P3-常规召回邮件+大促通知+小额优惠券
U003555,唤醒普通,1,1202.79,70,3,0.05,P3-常规召回邮件+大促通知+小额优惠券
U006763,唤醒普通,1,1181.79,120,3,0.05,P3-常规召回邮件+大促通知+小额优惠券
U008209,唤醒普通,1,1167.24,127,3,0.05,P3-常规召回邮件+大促通知+小额优惠券
U007151,唤醒普通,1,1159.92,79,3,0.05,P3-常规召回邮件+大促通知+小额优惠券
U008509,唤醒普通,1,1155.57,132,3,0.05,P3-常规召回邮件+大促通知+小额优惠券
U005309,唤醒普通,1,1146.15,61,3,0.05,P3-常规召回邮件+大促通知+小额优惠券
U000607,唤醒普通,1,1103.05,137,3,0.05,P3-常规召回邮件+大促通知+小额优惠券
U000927,唤醒普通,1,1097.96,145,3,0.05,P3-常规召回邮件+大促通知+小额优惠券
U009384,唤醒普通,1,1097.33,146,3,0.05,P3-常规召回邮件+大促通知+小额优惠券
U009602,唤醒普通,1,1095.33,158,3,0.05,P3-常规召回邮件+大促通知+小额优惠券
U009108,唤醒普通,1,1071.00,89,3,0.05,P3-常规召回邮件+大促通知+小额优惠券
U000827,唤醒普通,1,1062.32,135,3,0.05,P3-常规召回邮件+大促通知+小额优惠券
U007319,唤醒普通,1,1060.43,171,3,0.05,P3-常规召回邮件+大促通知+小额优惠券
U002026,唤醒普通,1,1039.79,109,3,0.05,P3-常规召回邮件+大促通知+小额优惠券
U001919,唤醒普通,1,1021.12,108,3,0.05,P3-常规召回邮件+大促通知+小额优惠券
U000628,唤醒普通,1,996.18,103,3,0.05,P3-常规召回邮件+大促通知+小额优惠券
U001193,唤醒普通,1,986.21,83,3,0.05,P3-常规召回邮件+大促通知+小额优惠券
U003376,唤醒普通,1,985.62,128,3,0.05,P3-常规召回邮件+大促通知+小额优惠券
U009460,唤醒普通,1,985.35,127,3,0.05,P3-常规召回邮件+大促通知+小额优惠券
U006558,唤醒普通,1,947.24,126,3,0.05,P3-常规召回邮件+大促通知+小额优惠券
U006067,唤醒普通,1,944.56,69,3,0.05,P3-常规召回邮件+大促通知+小额优惠券
U008004,唤醒普通,1,939.56,149,3,0.05,P3-常规召回邮件+大促通知+小额优惠券
U003915,唤醒普通,1,922.55,83,3,0.05,P3-常规召回邮件+大促通知+小额优惠券
U008048,唤醒普通,1,918.24,84,3,0.05,P3-常规召回邮件+大促通知+小额优惠券
U003887,唤醒普通,1,916.26,144,3,0.05,P3-常规召回邮件+大促通知+小额优惠券
U000833,唤醒普通,1,864.16,107,3,0.05,P3-常规召回邮件+大促通知+小额优惠券
U002788,唤醒普通,1,861.62,76,3,0.05,P3-常规召回邮件+大促通知+小额优惠券
U004768,唤醒普通,1,861.62,148,3,0.05,P3-常规召回邮件+大促通知+小额优惠券
U000261,唤醒普通,1,861.61,141,3,0.05,P3-常规召回邮件+大促通知+小额优惠券
U005107,唤醒普通,1,853.07,116,3,0.05,P3-常规召回邮件+大促通知+小额优惠券
U007746,唤醒普通,1,849.11,74,3,0.05,P3-常规召回邮件+大促通知+小额优惠券
U002271,唤醒普通,1,844.54,83,3,0.05,P3-常规召回邮件+大促通知+小额优惠券
U000367,唤醒普通,1,836.76,98,3,0.05,P3-常规召回邮件+大促通知+小额优惠券
U003946,唤醒普通,1,833.09,114,3,0.05,P3-常规召回邮件+大促通知+小额优惠券
U003277,唤醒普通,1,830.55,157,3,0.05,P3-常规召回邮件+大促通知+小额优惠券
U004601,唤醒普通,1,829.42,140,3,0.05,P3-常规召回邮件+大促通知+小额优惠券
U001373,唤醒普通,1,827.98,64,3,0.05,P3-常规召回邮件+大促通知+小额优惠券
U007881,唤醒普通,1,819.50,79,3,0.05,P3-常规召回邮件+大促通知+小额优惠券
U006814,唤醒普通,1,811.50,116,3,0.05,P3-常规召回邮件+大促通知+小额优惠券
U008095,唤醒普通,1,808.88,144,3,0.05,P3-常规召回邮件+大促通知+小额优惠券
U003345,唤醒普通,1,803.47,148,3,0.05,P3-常规召回邮件+大促通知+小额优惠券
U006742,唤醒普通,1,797.64,145,3,0.05,P3-常规召回邮件+大促通知+小额优惠券
U009554,唤醒普通,1,784.78,72,3,0.05,P3-常规召回邮件+大促通知+小额优惠券
U009473,唤醒普通,1,769.71,115,3,0.05,P3-常规召回邮件+大促通知+小额优惠券
U009277,唤醒普通,1,758.10,131,3,0.05,P3-常规召回邮件+大促通知+小额优惠券
U000564,唤醒普通,1,757.85,73,3,0.05,P3-常规召回邮件+大促通知+小额优惠券
U004520,唤醒普通,1,753.31,155,3,0.05,P3-常规召回邮件+大促通知+小额优惠券
U000763,唤醒普通,1,737.24,85,3,0.05,P3-常规召回邮件+大促通知+小额优惠券
U008022,唤醒普通,1,732.90,143,3,0.05,P3-常规召回邮件+大促通知+小额优惠券
U002205,唤醒普通,1,719.73,73,3,0.05,P3-常规召回邮件+大促通知+小额优惠券
U002088,唤醒普通,1,708.98,178,3,0.05,P3-常规召回邮件+大促通知+小额优惠券
U006639,唤醒普通,1,706.72,69,3,0.05,P3-常规召回邮件+大促通知+小额优惠券
U003227,唤醒普通,1,692.81,124,3,0.05,P3-常规召回邮件+大促通知+小额优惠券
U009298,唤醒普通,1,687.93,169,3,0.05,P3-常规召回邮件+大促通知+小额优惠券
U000302,唤醒普通,1,676.95,136,3,0.05,P3-常规召回邮件+大促通知+小额优惠券
U001099,唤醒普通,1,676.19,159,3,0.05,P3-常规召回邮件+大促通知+小额优惠券
U009001,唤醒普通,1,668.28,64,3,0.05,P3-常规召回邮件+大促通知+小额优惠券
U000774,唤醒普通,1,665.14,139,3,0.05,P3-常规召回邮件+大促通知+小额优惠券
U009396,唤醒普通,1,664.33,163,3,0.05,P3-常规召回邮件+大促通知+小额优惠券
U005712,唤醒普通,1,660.72,77,3,0.05,P3-常规召回邮件+大促通知+小额优惠券
U009868,唤醒普通,1,658.10,61,3,0.05,P3-常规召回邮件+大促通知+小额优惠券
U000811,唤醒普通,1,657.34,155,3,0.05,P3-常规召回邮件+大促通知+小额优惠券
U004896,唤醒普通,1,655.22,150,3,0.05,P3-常规召回邮件+大促通知+小额优惠券
U000429,唤醒普通,1,644.76,101,3,0.05,P3-常规召回邮件+大促通知+小额优惠券
U001927,唤醒普通,1,643.60,80,3,0.05,P3-常规召回邮件+大促通知+小额优惠券
U003094,唤醒普通,1,643.14,84,3,0.05,P3-常规召回邮件+大促通知+小额优惠券
U008136,唤醒普通,1,638.66,117,3,0.05,P3-常规召回邮件+大促通知+小额优惠券
U005381,唤醒普通,1,628.13,68,3,0.05,P3-常规召回邮件+大促通知+小额优惠券
U003548,唤醒普通,1,627.45,176,3,0.05,P3-常规召回邮件+大促通知+小额优惠券
U006651,唤醒普通,1,626.45,99,3,0.05,P3-常规召回邮件+大促通知+小额优惠券
U001381,唤醒普通,1,616.85,84,3,0.05,P3-常规召回邮件+大促通知+小额优惠券
U002938,唤醒普通,1,607.55,148,3,0.05,P3-常规召回邮件+大促通知+小额优惠券
U005353,唤醒普通,1,606.70,69,3,0.05,P3-常规召回邮件+大促通知+小额优惠券
U001123,唤醒普通,1,604.62,63,3,0.05,P3-常规召回邮件+大促通知+小额优惠券
U006813,唤醒普通,1,602.56,161,3,0.05,P3-常规召回邮件+大促通知+小额优惠券
U003940,唤醒普通,1,591.49,111,3,0.05,P3-常规召回邮件+大促通知+小额优惠券
U000631,唤醒普通,1,591.19,93,3,0.05,P3-常规召回邮件+大促通知+小额优惠券
U002004,唤醒普通,1,590.12,93,3,0.05,P3-常规召回邮件+大促通知+小额优惠券
U001746,唤醒普通,1,586.17,76,3,0.05,P3-常规召回邮件+大促通知+小额优惠券
U004878,唤醒普通,1,580.18,121,3,0.05,P3-常规召回邮件+大促通知+小额优惠券
U008023,唤醒普通,1,579.41,146,3,0.05,P3-常规召回邮件+大促通知+小额优惠券
U005420,唤醒普通,1,570.57,151,3,0.05,P3-常规召回邮件+大促通知+小额优惠券
U005105,唤醒普通,1,568.44,132,3,0.05,P3-常规召回邮件+大促通知+小额优惠券
U008206,唤醒普通,1,554.81,112,3,0.05,P3-常规召回邮件+大促通知+小额优惠券
U004928,唤醒普通,1,551.26,110,3,0.05,P3-常规召回邮件+大促通知+小额优惠券
U002139,唤醒普通,1,543.53,62,3,0.05,P3-常规召回邮件+大促通知+小额优惠券
U005482,唤醒普通,1,540.33,72,3,0.05,P3-常规召回邮件+大促通知+小额优惠券
U000391,唤醒普通,1,539.69,64,3,0.05,P3-常规召回邮件+大促通知+小额优惠券
U008441,唤醒普通,1,534.48,68,3,0.05,P3-常规召回邮件+大促通知+小额优惠券
U000307,唤醒普通,1,534.09,82,3,0.05,P3-常规召回邮件+大促通知+小额优惠券
U008714,唤醒普通,1,526.84,91,3,0.05,P3-常规召回邮件+大促通知+小额优惠券
U008038,唤醒普通,1,519.42,63,3,0.05,P3-常规召回邮件+大促通知+小额优惠券
U009983,唤醒普通,1,514.17,92,3,0.05,P3-常规召回邮件+大促通知+小额优惠券
U008581,唤醒普通,1,510.98,176,3,0.05,P3-常规召回邮件+大促通知+小额优惠券
U001090,唤醒普通,1,510.01,95,3,0.05,P3-常规召回邮件+大促通知+小额优惠券
U001337,唤醒普通,1,508.16,125,3,0.05,P3-常规召回邮件+大促通知+小额优惠券
U004837,唤醒普通,1,502.10,110,3,0.05,P3-常规召回邮件+大促通知+小额优惠券
U006589,唤醒普通,1,499.91,77,3,0.05,P3-常规召回邮件+大促通知+小额优惠券
U009596,唤醒普通,1,498.14,73,3,0.05,P3-常规召回邮件+大促通知+小额优惠券
U005372,唤醒普通,1,497.16,147,3,0.05,P3-常规召回邮件+大促通知+小额优惠券
U001316,唤醒普通,1,492.48,165,3,0.05,P3-常规召回邮件+大促通知+小额优惠券
U001182,唤醒普通,1,490.48,86,3,0.05,P3-常规召回邮件+大促通知+小额优惠券
U000968,唤醒普通,1,490.29,149,3,0.05,P3-常规召回邮件+大促通知+小额优惠券
U007391,唤醒普通,1,484.72,81,3,0.05,P3-常规召回邮件+大促通知+小额优惠券
U003207,唤醒普通,1,479.80,61,3,0.05,P3-常规召回邮件+大促通知+小额优惠券
U006093,唤醒普通,1,471.08,162,3,0.05,P3-常规召回邮件+大促通知+小额优惠券
U007099,唤醒普通,1,468.57,174,3,0.05,P3-常规召回邮件+大促通知+小额优惠券
U001915,唤醒普通,1,468.21,114,3,0.05,P3-常规召回邮件+大促通知+小额优惠券
U002115,唤醒普通,1,467.17,117,3,0.05,P3-常规召回邮件+大促通知+小额优惠券
U008342,唤醒普通,1,465.60,87,3,0.05,P3-常规召回邮件+大促通知+小额优惠券
U008791,唤醒普通,1,460.08,106,3,0.05,P3-常规召回邮件+大促通知+小额优惠券
U009415,唤醒普通,1,458.76,90,3,0.05,P3-常规召回邮件+大促通知+小额优惠券
U000219,唤醒普通,1,458.25,97,3,0.05,P3-常规召回邮件+大促通知+小额优惠券
U008403,唤醒普通,1,458.24,169,3,0.05,P3-常规召回邮件+大促通知+小额优惠券
U008066,唤醒普通,1,447.84,72,3,0.05,P3-常规召回邮件+大促通知+小额优惠券
U003142,唤醒普通,1,445.27,109,3,0.05,P3-常规召回邮件+大促通知+小额优惠券
U006309,唤醒普通,1,441.08,122,3,0.05,P3-常规召回邮件+大促通知+小额优惠券
U001885,唤醒普通,1,440.88,149,3,0.05,P3-常规召回邮件+大促通知+小额优惠券
U004471,唤醒普通,1,431.66,96,3,0.05,P3-常规召回邮件+大促通知+小额优惠券
U000127,唤醒普通,1,431.38,78,3,0.05,P3-常规召回邮件+大促通知+小额优惠券
U002980,唤醒普通,1,427.74,146,3,0.05,P3-常规召回邮件+大促通知+小额优惠券
U004636,唤醒普通,1,422.35,101,3,0.05,P3-常规召回邮件+大促通知+小额优惠券
U003287,唤醒普通,1,415.95,154,3,0.05,P3-常规召回邮件+大促通知+小额优惠券
U006401,唤醒普通,1,412.47,130,3,0.05,P3-常规召回邮件+大促通知+小额优惠券
U000037,唤醒普通,1,405.87,160,3,0.05,P3-常规召回邮件+大促通知+小额优惠券
U004069,唤醒普通,1,402.37,152,3,0.05,P3-常规召回邮件+大促通知+小额优惠券
U004180,唤醒普通,1,394.95,121,3,0.05,P3-常规召回邮件+大促通知+小额优惠券
U002486,唤醒普通,1,390.10,137,3,0.05,P3-常规召回邮件+大促通知+小额优惠券
U007804,唤醒普通,1,388.46,142,3,0.05,P3-常规召回邮件+大促通知+小额优惠券
U001544,唤醒普通,1,376.18,116,3,0.05,P3-常规召回邮件+大促通知+小额优惠券
U002199,唤醒普通,1,375.68,97,3,0.05,P3-常规召回邮件+大促通知+小额优惠券
U005279,唤醒普通,1,374.28,170,3,0.05,P3-常规召回邮件+大促通知+小额优惠券
U006981,唤醒普通,1,373.82,162,3,0.05,P3-常规召回邮件+大促通知+小额优惠券
U006127,唤醒普通,1,372.80,172,3,0.05,P3-常规召回邮件+大促通知+小额优惠券
U002166,唤醒普通,1,371.22,62,3,0.05,P3-常规召回邮件+大促通知+小额优惠券
U002182,唤醒普通,1,368.98,91,3,0.05,P3-常规召回邮件+大促通知+小额优惠券
U003316,唤醒普通,1,365.83,133,3,0.05,P3-常规召回邮件+大促通知+小额优惠券
U005277,唤醒普通,1,361.80,155,3,0.05,P3-常规召回邮件+大促通知+小额优惠券
U004231,唤醒普通,1,361.15,86,3,0.05,P3-常规召回邮件+大促通知+小额优惠券
U008465,唤醒普通,1,359.51,87,3,0.05,P3-常规召回邮件+大促通知+小额优惠券
U003172,唤醒普通,1,355.28,73,3,0.05,P3-常规召回邮件+大促通知+小额优惠券
U001653,唤醒普通,1,347.29,136,3,0.05,P3-常规召回邮件+大促通知+小额优惠券
U004263,唤醒普通,1,346.84,110,3,0.05,P3-常规召回邮件+大促通知+小额优惠券
U002832,唤醒普通,1,346.41,147,3,0.05,P3-常规召回邮件+大促通知+小额优惠券
U001530,唤醒普通,1,345.35,78,3,0.05,P3-常规召回邮件+大促通知+小额优惠券
U000435,唤醒普通,1,345.18,140,3,0.05,P3-常规召回邮件+大促通知+小额优惠券
U002346,唤醒普通,1,340.09,134,3,0.05,P3-常规召回邮件+大促通知+小额优惠券
U007730,唤醒普通,1,339.43,155,3,0.05,P3-常规召回邮件+大促通知+小额优惠券
U007226,唤醒普通,1,338.49,123,3,0.05,P3-常规召回邮件+大促通知+小额优惠券
U003844,唤醒普通,1,337.60,148,3,0.05,P3-常规召回邮件+大促通知+小额优惠券
U003196,唤醒普通,1,337.06,120,3,0.05,P3-常规召回邮件+大促通知+小额优惠券
U004307,唤醒普通,1,335.10,70,3,0.05,P3-常规召回邮件+大促通知+小额优惠券
U006115,唤醒普通,1,334.11,104,3,0.05,P3-常规召回邮件+大促通知+小额优惠券
U005711,唤醒普通,1,333.32,106,3,0.05,P3-常规召回邮件+大促通知+小额优惠券
U001579,唤醒普通,1,331.98,94,3,0.05,P3-常规召回邮件+大促通知+小额优惠券
U002311,唤醒普通,1,331.27,167,3,0.05,P3-常规召回邮件+大促通知+小额优惠券
U008392,唤醒普通,1,328.76,89,3,0.05,P3-常规召回邮件+大促通知+小额优惠券
U006222,唤醒普通,1,326.09,114,3,0.05,P3-常规召回邮件+大促通知+小额优惠券
U003960,唤醒普通,1,324.27,83,3,0.05,P3-常规召回邮件+大促通知+小额优惠券
U003855,唤醒普通,1,323.01,163,3,0.05,P3-常规召回邮件+大促通知+小额优惠券
U001050,唤醒普通,1,311.40,158,3,0.05,P3-常规召回邮件+大促通知+小额优惠券
U003973,唤醒普通,1,310.08,93,3,0.05,P3-常规召回邮件+大促通知+小额优惠券
U003284,唤醒普通,1,307.27,90,3,0.05,P3-常规召回邮件+大促通知+小额优惠券
U001181,唤醒普通,1,307.18,152,3,0.05,P3-常规召回邮件+大促通知+小额优惠券
U006641,唤醒普通,1,305.77,61,3,0.05,P3-常规召回邮件+大促通知+小额优惠券
U000019,唤醒普通,1,303.73,103,3,0.05,P3-常规召回邮件+大促通知+小额优惠券
U008573,唤醒普通,1,302.87,174,3,0.05,P3-常规召回邮件+大促通知+小额优惠券
U000255,唤醒普通,1,301.93,147,3,0.05,P3-常规召回邮件+大促通知+小额优惠券
U005756,唤醒普通,1,300.80,73,3,0.05,P3-常规召回邮件+大促通知+小额优惠券
U004714,唤醒普通,1,300.03,133,3,0.05,P3-常规召回邮件+大促通知+小额优惠券
U006673,唤醒普通,1,299.44,118,3,0.05,P3-常规召回邮件+大促通知+小额优惠券
U003724,唤醒普通,1,297.50,116,3,0.05,P3-常规召回邮件+大促通知+小额优惠券
U009565,唤醒普通,1,295.78,106,3,0.05,P3-常规召回邮件+大促通知+小额优惠券
U003839,唤醒普通,1,294.72,128,3,0.05,P3-常规召回邮件+大促通知+小额优惠券
U003703,唤醒普通,1,289.14,105,3,0.05,P3-常规召回邮件+大促通知+小额优惠券
U008739,唤醒普通,1,288.71,143,3,0.05,P3-常规召回邮件+大促通知+小额优惠券
U006442,唤醒普通,1,286.45,88,3,0.05,P3-常规召回邮件+大促通知+小额优惠券
U002609,唤醒普通,1,285.20,136,3,0.05,P3-常规召回邮件+大促通知+小额优惠券
U001628,唤醒普通,1,283.42,90,3,0.05,P3-常规召回邮件+大促通知+小额优惠券
U007655,唤醒普通,1,278.74,99,3,0.05,P3-常规召回邮件+大促通知+小额优惠券
U005195,唤醒普通,1,273.04,62,3,0.05,P3-常规召回邮件+大促通知+小额优惠券
U009969,唤醒普通,1,271.76,178,3,0.05,P3-常规召回邮件+大促通知+小额优惠券
U006577,唤醒普通,1,271.18,67,3,0.05,P3-常规召回邮件+大促通知+小额优惠券
U000765,唤醒普通,1,268.79,109,3,0.05,P3-常规召回邮件+大促通知+小额优惠券
U004703,唤醒普通,1,267.81,161,3,0.05,P3-常规召回邮件+大促通知+小额优惠券
U004901,唤醒普通,1,265.12,103,3,0.05,P3-常规召回邮件+大促通知+小额优惠券
U002443,唤醒普通,1,264.04,148,3,0.05,P3-常规召回邮件+大促通知+小额优惠券
U006638,唤醒普通,1,263.55,106,3,0.05,P3-常规召回邮件+大促通知+小额优惠券
U007604,唤醒普通,1,261.22,112,3,0.05,P3-常规召回邮件+大促通知+小额优惠券
U005219,唤醒普通,1,256.56,76,3,0.05,P3-常规召回邮件+大促通知+小额优惠券
U000102,唤醒普通,1,256.19,124,3,0.05,P3-常规召回邮件+大促通知+小额优惠券
U005515,唤醒普通,1,255.44,162,3,0.05,P3-常规召回邮件+大促通知+小额优惠券
U006193,唤醒普通,1,254.94,161,3,0.05,P3-常规召回邮件+大促通知+小额优惠券
U007871,唤醒普通,1,252.08,159,3,0.05,P3-常规召回邮件+大促通知+小额优惠券
U009912,唤醒普通,1,249.91,81,3,0.05,P3-常规召回邮件+大促通知+小额优惠券
U007003,唤醒普通,1,249.82,137,3,0.05,P3-常规召回邮件+大促通知+小额优惠券
U005397,唤醒普通,1,247.77,126,3,0.05,P3-常规召回邮件+大促通知+小额优惠券
U008917,唤醒普通,1,246.85,107,3,0.05,P3-常规召回邮件+大促通知+小额优惠券
U007766,唤醒普通,1,243.43,116,3,0.05,P3-常规召回邮件+大促通知+小额优惠券
U002930,唤醒普通,1,241.67,92,3,0.05,P3-常规召回邮件+大促通知+小额优惠券
U003542,唤醒普通,1,234.57,138,3,0.05,P3-常规召回邮件+大促通知+小额优惠券
U004887,唤醒普通,1,231.06,112,3,0.05,P3-常规召回邮件+大促通知+小额优惠券
U007334,唤醒普通,1,230.75,99,3,0.05,P3-常规召回邮件+大促通知+小额优惠券
U000979,唤醒普通,1,229.47,104,3,0.05,P3-常规召回邮件+大促通知+小额优惠券
U001170,唤醒普通,1,228.80,153,3,0.05,P3-常规召回邮件+大促通知+小额优惠券
U007898,唤醒普通,1,228.38,66,3,0.05,P3-常规召回邮件+大促通知+小额优惠券
U006991,唤醒普通,1,227.28,99,3,0.05,P3-常规召回邮件+大促通知+小额优惠券
U002050,唤醒普通,1,225.24,82,3,0.05,P3-常规召回邮件+大促通知+小额优惠券
U006060,唤醒普通,1,224.44,95,3,0.05,P3-常规召回邮件+大促通知+小额优惠券
U002923,唤醒普通,1,223.87,107,3,0.05,P3-常规召回邮件+大促通知+小额优惠券
U001079,唤醒普通,1,222.67,112,3,0.05,P3-常规召回邮件+大促通知+小额优惠券
U008449,唤醒普通,1,222.12,172,3,0.05,P3-常规召回邮件+大促通知+小额优惠券
U009339,唤醒普通,1,221.13,101,3,0.05,P3-常规召回邮件+大促通知+小额优惠券
U008868,唤醒普通,1,214.22,124,3,0.05,P3-常规召回邮件+大促通知+小额优惠券
U006539,唤醒普通,1,214.00,161,3,0.05,P3-常规召回邮件+大促通知+小额优惠券
U008395,唤醒普通,1,213.15,173,3,0.05,P3-常规召回邮件+大促通知+小额优惠券
U003497,唤醒普通,1,212.63,70,3,0.05,P3-常规召回邮件+大促通知+小额优惠券
U002529,唤醒普通,1,209.51,108,3,0.05,P3-常规召回邮件+大促通知+小额优惠券
U008335,唤醒普通,1,208.75,94,3,0.05,P3-常规召回邮件+大促通知+小额优惠券
U004862,唤醒普通,1,208.52,93,3,0.05,P3-常规召回邮件+大促通知+小额优惠券
U009754,唤醒普通,1,205.73,84,3,0.05,P3-常规召回邮件+大促通知+小额优惠券
U003361,唤醒普通,1,204.78,67,3,0.05,P3-常规召回邮件+大促通知+小额优惠券
U004958,唤醒普通,1,204.00,102,3,0.05,P3-常规召回邮件+大促通知+小额优惠券
U004416,唤醒普通,1,203.17,77,3,0.05,P3-常规召回邮件+大促通知+小额优惠券
U007375,唤醒普通,1,200.40,105,3,0.05,P3-常规召回邮件+大促通知+小额优惠券
U008863,唤醒普通,1,199.38,178,3,0.05,P3-常规召回邮件+大促通知+小额优惠券
U006657,唤醒普通,1,192.00,174,3,0.05,P3-常规召回邮件+大促通知+小额优惠券
U007140,唤醒普通,1,189.16,170,3,0.05,P3-常规召回邮件+大促通知+小额优惠券
U002183,唤醒普通,1,186.14,179,3,0.05,P3-常规召回邮件+大促通知+小额优惠券
U001254,唤醒普通,1,185.01,121,3,0.05,P3-常规召回邮件+大促通知+小额优惠券
U005016,唤醒普通,1,180.74,140,3,0.05,P3-常规召回邮件+大促通知+小额优惠券
U005382,唤醒普通,1,177.94,64,3,0.05,P3-常规召回邮件+大促通知+小额优惠券
U005640,唤醒普通,1,177.89,128,3,0.05,P3-常规召回邮件+大促通知+小额优惠券
U006964,唤醒普通,1,175.69,95,3,0.05,P3-常规召回邮件+大促通知+小额优惠券
U002171,唤醒普通,1,175.68,157,3,0.05,P3-常规召回邮件+大促通知+小额优惠券
U003768,唤醒普通,1,175.55,89,3,0.05,P3-常规召回邮件+大促通知+小额优惠券
U004557,唤醒普通,1,175.43,78,3,0.05,P3-常规召回邮件+大促通知+小额优惠券
U002172,唤醒普通,1,174.79,81,3,0.05,P3-常规召回邮件+大促通知+小额优惠券
U005054,唤醒普通,1,173.60,76,3,0.05,P3-常规召回邮件+大促通知+小额优惠券
U009182,唤醒普通,1,173.15,120,3,0.05,P3-常规召回邮件+大促通知+小额优惠券
U004640,唤醒普通,1,171.89,70,3,0.05,P3-常规召回邮件+大促通知+小额优惠券
U002128,唤醒普通,1,171.12,127,3,0.05,P3-常规召回邮件+大促通知+小额优惠券
U004247,唤醒普通,1,169.79,116,3,0.05,P3-常规召回邮件+大促通知+小额优惠券
U000309,唤醒普通,1,165.40,116,3,0.05,P3-常规召回邮件+大促通知+小额优惠券
U003177,唤醒普通,1,165.03,72,3,0.05,P3-常规召回邮件+大促通知+小额优惠券
U004033,唤醒普通,1,165.03,119,3,0.05,P3-常规召回邮件+大促通知+小额优惠券
U007638,唤醒普通,1,159.74,174,3,0.05,P3-常规召回邮件+大促通知+小额优惠券
U007239,唤醒普通,1,159.29,147,3,0.05,P3-常规召回邮件+大促通知+小额优惠券
U000372,唤醒普通,1,155.97,165,3,0.05,P3-常规召回邮件+大促通知+小额优惠券
U006107,唤醒普通,1,155.25,133,3,0.05,P3-常规召回邮件+大促通知+小额优惠券
U002928,唤醒普通,1,154.81,151,3,0.05,P3-常规召回邮件+大促通知+小额优惠券
U008087,唤醒普通,1,154.41,101,3,0.05,P3-常规召回邮件+大促通知+小额优惠券
U001804,唤醒普通,1,154.28,107,3,0.05,P3-常规召回邮件+大促通知+小额优惠券
U003103,唤醒普通,1,153.34,79,3,0.05,P3-常规召回邮件+大促通知+小额优惠券
U008835,唤醒普通,1,150.01,159,3,0.05,P3-常规召回邮件+大促通知+小额优惠券
U001476,唤醒普通,1,146.53,177,3,0.05,P3-常规召回邮件+大促通知+小额优惠券
U009844,唤醒普通,1,145.13,71,3,0.05,P3-常规召回邮件+大促通知+小额优惠券
U005591,唤醒普通,1,143.90,115,3,0.05,P3-常规召回邮件+大促通知+小额优惠券
U004734,唤醒普通,1,142.94,146,3,0.05,P3-常规召回邮件+大促通知+小额优惠券
U009522,唤醒普通,1,140.62,149,3,0.05,P3-常规召回邮件+大促通知+小额优惠券
U007111,唤醒普通,1,140.52,87,3,0.05,P3-常规召回邮件+大促通知+小额优惠券
U001886,唤醒普通,1,138.95,125,3,0.05,P3-常规召回邮件+大促通知+小额优惠券
U003264,唤醒普通,1,138.24,66,3,0.05,P3-常规召回邮件+大促通知+小额优惠券
U004270,唤醒普通,1,138.24,94,3,0.05,P3-常规召回邮件+大促通知+小额优惠券
U007081,唤醒普通,1,137.88,150,3,0.05,P3-常规召回邮件+大促通知+小额优惠券
U001713,唤醒普通,1,135.85,125,3,0.05,P3-常规召回邮件+大促通知+小额优惠券
U009530,唤醒普通,1,132.06,143,3,0.05,P3-常规召回邮件+大促通知+小额优惠券
U004288,唤醒普通,1,131.16,139,3,0.05,P3-常规召回邮件+大促通知+小额优惠券
U007775,唤醒普通,1,131.03,172,3,0.05,P3-常规召回邮件+大促通知+小额优惠券
U003682,唤醒普通,1,130.56,126,3,0.05,P3-常规召回邮件+大促通知+小额优惠券
U004872,唤醒普通,1,129.58,95,3,0.05,P3-常规召回邮件+大促通知+小额优惠券
U007618,唤醒普通,1,128.53,171,3,0.05,P3-常规召回邮件+大促通知+小额优惠券
U001098,唤醒普通,1,128.39,152,3,0.05,P3-常规召回邮件+大促通知+小额优惠券
U009808,唤醒普通,3,126.98,127,3,0.05,P3-常规召回邮件+大促通知+小额优惠券
U009632,唤醒普通,1,126.60,153,3,0.05,P3-常规召回邮件+大促通知+小额优惠券
U004920,唤醒普通,1,124.22,165,3,0.05,P3-常规召回邮件+大促通知+小额优惠券
U009816,唤醒普通,1,123.80,100,3,0.05,P3-常规召回邮件+大促通知+小额优惠券
U007047,唤醒普通,1,121.66,73,3,0.05,P3-常规召回邮件+大促通知+小额优惠券
U003062,唤醒普通,1,118.08,130,3,0.05,P3-常规召回邮件+大促通知+小额优惠券
U007554,唤醒普通,1,116.76,112,3,0.05,P3-常规召回邮件+大促通知+小额优惠券
U003140,唤醒普通,1,115.63,89,3,0.05,P3-常规召回邮件+大促通知+小额优惠券
U003161,唤醒普通,1,115.22,114,3,0.05,P3-常规召回邮件+大促通知+小额优惠券
U004439,唤醒普通,1,114.93,76,3,0.05,P3-常规召回邮件+大促通知+小额优惠券
U003565,唤醒普通,1,114.30,174,3,0.05,P3-常规召回邮件+大促通知+小额优惠券
U006298,唤醒普通,1,114.12,102,3,0.05,P3-常规召回邮件+大促通知+小额优惠券
U000166,唤醒普通,1,113.67,64,3,0.05,P3-常规召回邮件+大促通知+小额优惠券
U009193,唤醒普通,1,113.67,171,3,0.05,P3-常规召回邮件+大促通知+小额优惠券
U002283,唤醒普通,1,111.99,140,3,0.05,P3-常规召回邮件+大促通知+小额优惠券
U005510,唤醒普通,1,110.55,119,3,0.05,P3-常规召回邮件+大促通知+小额优惠券
U002421,唤醒普通,1,109.30,106,3,0.05,P3-常规召回邮件+大促通知+小额优惠券
U001731,唤醒普通,1,108.57,114,3,0.05,P3-常规召回邮件+大促通知+小额优惠券
U000906,唤醒普通,1,108.18,83,3,0.05,P3-常规召回邮件+大促通知+小额优惠券
U000605,唤醒普通,1,107.69,89,3,0.05,P3-常规召回邮件+大促通知+小额优惠券
U006230,唤醒普通,1,107.12,85,3,0.05,P3-常规召回邮件+大促通知+小额优惠券
U004265,唤醒普通,1,106.67,132,3,0.05,P3-常规召回邮件+大促通知+小额优惠券
U004547,唤醒普通,1,105.54,178,3,0.05,P3-常规召回邮件+大促通知+小额优惠券
U002204,唤醒普通,2,105.36,96,3,0.05,P3-常规召回邮件+大促通知+小额优惠券
U008807,唤醒普通,1,103.35,122,3,0.05,P3-常规召回邮件+大促通知+小额优惠券
U000149,唤醒普通,1,102.84,173,3,0.05,P3-常规召回邮件+大促通知+小额优惠券
U003810,唤醒普通,1,100.76,62,3,0.05,P3-常规召回邮件+大促通知+小额优惠券
U009224,唤醒普通,1,100.76,164,3,0.05,P3-常规召回邮件+大促通知+小额优惠券
U008759,唤醒普通,2,99.04,88,3,0.05,P3-常规召回邮件+大促通知+小额优惠券
U008790,唤醒普通,1,97.63,138,3,0.05,P3-常规召回邮件+大促通知+小额优惠券
U007207,唤醒普通,1,97.46,65,3,0.05,P3-常规召回邮件+大促通知+小额优惠券
U001551,唤醒普通,1,96.97,61,3,0.05,P3-常规召回邮件+大促通知+小额优惠券
U004502,唤醒普通,1,96.75,71,3,0.05,P3-常规召回邮件+大促通知+小额优惠券
U002757,唤醒普通,1,94.23,130,3,0.05,P3-常规召回邮件+大促通知+小额优惠券
U003384,唤醒普通,1,93.18,92,3,0.05,P3-常规召回邮件+大促通知+小额优惠券
U005735,唤醒普通,1,91.52,117,3,0.05,P3-常规召回邮件+大促通知+小额优惠券
U002685,唤醒普通,1,90.19,100,3,0.05,P3-常规召回邮件+大促通知+小额优惠券
U005703,唤醒普通,1,88.39,137,3,0.05,P3-常规召回邮件+大促通知+小额优惠券
U000533,唤醒普通,1,87.46,79,3,0.05,P3-常规召回邮件+大促通知+小额优惠券
U001572,唤醒普通,1,84.86,161,3,0.05,P3-常规召回邮件+大促通知+小额优惠券
U005276,唤醒普通,1,84.79,163,3,0.05,P3-常规召回邮件+大促通知+小额优惠券
U006397,唤醒普通,1,84.65,107,3,0.05,P3-常规召回邮件+大促通知+小额优惠券
U002020,唤醒普通,1,82.04,164,3,0.05,P3-常规召回邮件+大促通知+小额优惠券
U005118,唤醒普通,1,79.60,144,3,0.05,P3-常规召回邮件+大促通知+小额优惠券
U003092,唤醒普通,1,75.76,72,3,0.05,P3-常规召回邮件+大促通知+小额优惠券
U007945,唤醒普通,1,74.81,61,3,0.05,P3-常规召回邮件+大促通知+小额优惠券
U002527,唤醒普通,1,73.56,173,3,0.05,P3-常规召回邮件+大促通知+小额优惠券
U005856,唤醒普通,1,73.43,128,3,0.05,P3-常规召回邮件+大促通知+小额优惠券
U001101,唤醒普通,1,72.69,147,3,0.05,P3-常规召回邮件+大促通知+小额优惠券
U004637,唤醒普通,1,70.39,88,3,0.05,P3-常规召回邮件+大促通知+小额优惠券
U006008,唤醒普通,1,70.32,83,3,0.05,P3-常规召回邮件+大促通知+小额优惠券
U002912,唤醒普通,1,70.10,180,3,0.05,P3-常规召回邮件+大促通知+小额优惠券
U005584,唤醒普通,1,69.57,123,3,0.05,P3-常规召回邮件+大促通知+小额优惠券
U003847,唤醒普通,1,69.42,85,3,0.05,P3-常规召回邮件+大促通知+小额优惠券
U000172,唤醒普通,1,68.37,79,3,0.05,P3-常规召回邮件+大促通知+小额优惠券
U000936,唤醒普通,1,66.98,142,3,0.05,P3-常规召回邮件+大促通知+小额优惠券
U002203,唤醒普通,1,66.46,98,3,0.05,P3-常规召回邮件+大促通知+小额优惠券
U001840,唤醒普通,1,65.91,106,3,0.05,P3-常规召回邮件+大促通知+小额优惠券
U005499,唤醒普通,1,65.37,117,3,0.05,P3-常规召回邮件+大促通知+小额优惠券
U005448,唤醒普通,1,64.30,166,3,0.05,P3-常规召回邮件+大促通知+小额优惠券
U003991,唤醒普通,1,60.61,95,3,0.05,P3-常规召回邮件+大促通知+小额优惠券
U004238,唤醒普通,1,60.54,128,3,0.05,P3-常规召回邮件+大促通知+小额优惠券
U009143,唤醒普通,1,60.39,76,3,0.05,P3-常规召回邮件+大促通知+小额优惠券
U001205,唤醒普通,1,59.97,180,3,0.05,P3-常规召回邮件+大促通知+小额优惠券
U007744,唤醒普通,1,59.97,128,3,0.05,P3-常规召回邮件+大促通知+小额优惠券
U006280,唤醒普通,1,58.95,155,3,0.05,P3-常规召回邮件+大促通知+小额优惠券
U003711,唤醒普通,2,58.66,85,3,0.05,P3-常规召回邮件+大促通知+小额优惠券
U007891,唤醒普通,1,58.15,82,3,0.05,P3-常规召回邮件+大促通知+小额优惠券
U008542,唤醒普通,1,57.65,159,3,0.05,P3-常规召回邮件+大促通知+小额优惠券
U006922,唤醒普通,1,57.52,82,3,0.05,P3-常规召回邮件+大促通知+小额优惠券
U001836,唤醒普通,1,57.27,177,3,0.05,P3-常规召回邮件+大促通知+小额优惠券
U005632,唤醒普通,1,56.94,123,3,0.05,P3-常规召回邮件+大促通知+小额优惠券
U005437,唤醒普通,1,56.87,159,3,0.05,P3-常规召回邮件+大促通知+小额优惠券
U008053,唤醒普通,1,56.87,126,3,0.05,P3-常规召回邮件+大促通知+小额优惠券
U000597,唤醒普通,1,56.65,149,3,0.05,P3-常规召回邮件+大促通知+小额优惠券
U002372,唤醒普通,1,56.26,91,3,0.05,P3-常规召回邮件+大促通知+小额优惠券
U004008,唤醒普通,1,56.18,94,3,0.05,P3-常规召回邮件+大促通知+小额优惠券
U006276,唤醒普通,1,54.46,103,3,0.05,P3-常规召回邮件+大促通知+小额优惠券
U007195,唤醒普通,1,54.01,67,3,0.05,P3-常规召回邮件+大促通知+小额优惠券
U004383,唤醒普通,1,53.24,123,3,0.05,P3-常规召回邮件+大促通知+小额优惠券
U002956,唤醒普通,2,53.19,95,3,0.05,P3-常规召回邮件+大促通知+小额优惠券
U002152,唤醒普通,1,52.66,150,3,0.05,P3-常规召回邮件+大促通知+小额优惠券
U003030,唤醒普通,1,52.53,154,3,0.05,P3-常规召回邮件+大促通知+小额优惠券
U004572,唤醒普通,1,52.26,69,3,0.05,P3-常规召回邮件+大促通知+小额优惠券
U002432,唤醒普通,1,52.18,175,3,0.05,P3-常规召回邮件+大促通知+小额优惠券
U008690,唤醒普通,1,51.80,156,3,0.05,P3-常规召回邮件+大促通知+小额优惠券
U003234,唤醒普通,1,50.01,144,3,0.05,P3-常规召回邮件+大促通知+小额优惠券
U007292,唤醒普通,1,49.84,103,3,0.05,P3-常规召回邮件+大促通知+小额优惠券
U000732,唤醒普通,1,49.59,146,3,0.05,P3-常规召回邮件+大促通知+小额优惠券
U002617,唤醒普通,1,48.64,79,3,0.05,P3-常规召回邮件+大促通知+小额优惠券
U008659,唤醒普通,1,47.55,99,3,0.05,P3-常规召回邮件+大促通知+小额优惠券
U004569,唤醒普通,1,45.66,125,3,0.05,P3-常规召回邮件+大促通知+小额优惠券
U009492,唤醒普通,1,44.40,173,3,0.05,P3-常规召回邮件+大促通知+小额优惠券
U003870,唤醒普通,1,44.23,89,3,0.05,P3-常规召回邮件+大促通知+小额优惠券
U007208,唤醒普通,1,44.10,166,3,0.05,P3-常规召回邮件+大促通知+小额优惠券
U005211,唤醒普通,1,43.40,102,3,0.05,P3-常规召回邮件+大促通知+小额优惠券
U000107,唤醒普通,1,42.45,121,3,0.05,P3-常规召回邮件+大促通知+小额优惠券
U001440,唤醒普通,1,42.15,152,3,0.05,P3-常规召回邮件+大促通知+小额优惠券
U002312,唤醒普通,1,41.55,109,3,0.05,P3-常规召回邮件+大促通知+小额优惠券
U006220,唤醒普通,1,40.79,169,3,0.05,P3-常规召回邮件+大促通知+小额优惠券
U007753,唤醒普通,1,40.77,132,3,0.05,P3-常规召回邮件+大促通知+小额优惠券
U007144,唤醒普通,1,40.47,113,3,0.05,P3-常规召回邮件+大促通知+小额优惠券
U007573,唤醒普通,1,39.87,86,3,0.05,P3-常规召回邮件+大促通知+小额优惠券
U004187,唤醒普通,1,39.34,172,3,0.05,P3-常规召回邮件+大促通知+小额优惠券
U007827,唤醒普通,1,38.70,156,3,0.05,P3-常规召回邮件+大促通知+小额优惠券
U000856,唤醒普通,1,38.54,104,3,0.05,P3-常规召回邮件+大促通知+小额优惠券
U005076,唤醒普通,1,36.16,152,3,0.05,P3-常规召回邮件+大促通知+小额优惠券
U003528,唤醒普通,1,32.11,137,3,0.05,P3-常规召回邮件+大促通知+小额优惠券
U007012,唤醒普通,1,31.39,131,3,0.05,P3-常规召回邮件+大促通知+小额优惠券
U000086,唤醒普通,1,30.81,129,3,0.05,P3-常规召回邮件+大促通知+小额优惠券
U004708,唤醒普通,1,29.41,62,3,0.05,P3-常规召回邮件+大促通知+小额优惠券
U003508,唤醒普通,1,28.77,105,3,0.05,P3-常规召回邮件+大促通知+小额优惠券
U002334,唤醒普通,1,28.52,98,3,0.05,P3-常规召回邮件+大促通知+小额优惠券
U008198,唤醒普通,1,27.08,121,3,0.05,P3-常规召回邮件+大促通知+小额优惠券
U000815,唤醒普通,1,26.68,83,3,0.05,P3-常规召回邮件+大促通知+小额优惠券
U002898,唤醒普通,1,26.24,72,3,0.05,P3-常规召回邮件+大促通知+小额优惠券
U006710,唤醒普通,1,25.99,93,3,0.05,P3-常规召回邮件+大促通知+小额优惠券
U006940,唤醒普通,1,25.57,156,3,0.05,P3-常规召回邮件+大促通知+小额优惠券
U008768,唤醒普通,1,24.99,72,3,0.05,P3-常规召回邮件+大促通知+小额优惠券
U005383,唤醒普通,1,23.41,155,3,0.05,P3-常规召回邮件+大促通知+小额优惠券
U004776,唤醒普通,1,21.46,109,3,0.05,P3-常规召回邮件+大促通知+小额优惠券
U003456,唤醒普通,1,21.38,166,3,0.05,P3-常规召回邮件+大促通知+小额优惠券
U000889,唤醒普通,1,21.10,180,3,0.05,P3-常规召回邮件+大促通知+小额优惠券
U000687,唤醒普通,1,20.15,90,3,0.05,P3-常规召回邮件+大促通知+小额优惠券
U008135,唤醒普通,1,18.00,145,3,0.05,P3-常规召回邮件+大促通知+小额优惠券
U003850,唤醒普通,1,14.44,87,3,0.05,P3-常规召回邮件+大促通知+小额优惠券
U000823,唤醒普通,1,13.29,118,3,0.05,P3-常规召回邮件+大促通知+小额优惠券
U005544,唤醒普通,1,13.04,67,3,0.05,P3-常规召回邮件+大促通知+小额优惠券
U009049,唤醒普通,1,11.40,154,3,0.05,P3-常规召回邮件+大促通知+小额优惠券
U004766,唤醒普通,1,5.79,155,3,0.05,P3-常规召回邮件+大促通知+小额优惠券
U005301,唤醒普通,1,5.67,147,3,0.05,P3-常规召回邮件+大促通知+小额优惠券
U002777,唤醒普通,1,5.55,137,3,0.05,P3-常规召回邮件+大促通知+小额优惠券
U004866,唤醒普通,1,5.28,136,3,0.05,P3-常规召回邮件+大促通知+小额优惠券
U002388,唤醒普通,1,5.11,79,3,0.05,P3-常规召回邮件+大促通知+小额优惠券
U001890,唤醒普通,1,4.94,130,3,0.05,P3-常规召回邮件+大促通知+小额优惠券
U006908,唤醒普通,1,4.51,157,3,0.05,P3-常规召回邮件+大促通知+小额优惠券
U003095,唤醒普通,1,3.44,78,3,0.05,P3-常规召回邮件+大促通知+小额优惠券
U003188,流失低潜,1,1956.18,225,4,0.03,P4-季度触达+大促通知
U008854,流失低潜,1,1942.90,309,4,0.03,P4-季度触达+大促通知
U005473,流失低潜,1,1942.87,299,4,0.03,P4-季度触达+大促通知
U001377,流失低潜,1,1907.59,217,4,0.03,P4-季度触达+大促通知
U001008,流失低潜,1,1906.06,592,4,0.03,P4-季度触达+大促通知
U005072,流失低潜,1,1903.68,232,4,0.03,P4-季度触达+大促通知
U003364,流失低潜,1,1859.05,211,4,0.03,P4-季度触达+大促通知
U009190,流失低潜,1,1855.58,408,4,0.03,P4-季度触达+大促通知
U001838,流失低潜,1,1841.68,445,4,0.03,P4-季度触达+大促通知
U001144,流失低潜,1,1827.88,210,4,0.03,P4-季度触达+大促通知
U004041,流失低潜,1,1811.84,344,4,0.03,P4-季度触达+大促通知
U009430,流失低潜,1,1800.63,285,4,0.03,P4-季度触达+大促通知
U008565,流失低潜,1,1772.61,330,4,0.03,P4-季度触达+大促通知
U001454,流失低潜,1,1772.36,204,4,0.03,P4-季度触达+大促通知
U000685,流失低潜,1,1771.90,332,4,0.03,P4-季度触达+大促通知
U009644,流失低潜,1,1767.66,508,4,0.03,P4-季度触达+大促通知
U006196,流失低潜,1,1717.00,275,4,0.03,P4-季度触达+大促通知
U000840,流失低潜,1,1695.00,330,4,0.03,P4-季度触达+大促通知
U006403,流失低潜,1,1693.57,353,4,0.03,P4-季度触达+大促通知
U008438,流失低潜,1,1648.14,291,4,0.03,P4-季度触达+大促通知
U002089,流失低潜,1,1640.19,413,4,0.03,P4-季度触达+大促通知
U003183,流失低潜,1,1611.47,250,4,0.03,P4-季度触达+大促通知
U006402,流失低潜,1,1551.44,366,4,0.03,P4-季度触达+大促通知
U005423,流失低潜,1,1542.77,364,4,0.03,P4-季度触达+大促通知
U008887,流失低潜,1,1537.25,238,4,0.03,P4-季度触达+大促通知
U009708,流失低潜,1,1523.84,302,4,0.03,P4-季度触达+大促通知
U009828,流失低潜,1,1523.53,461,4,0.03,P4-季度触达+大促通知
U007270,流失低潜,1,1507.35,369,4,0.03,P4-季度触达+大促通知
U003146,流失低潜,1,1504.31,264,4,0.03,P4-季度触达+大促通知
U004232,流失低潜,1,1480.65,251,4,0.03,P4-季度触达+大促通知
U001974,流失低潜,1,1474.44,321,4,0.03,P4-季度触达+大促通知
U009510,流失低潜,1,1457.49,499,4,0.03,P4-季度触达+大促通知
U005262,流失低潜,1,1457.42,280,4,0.03,P4-季度触达+大促通知
U003233,流失低潜,1,1448.85,504,4,0.03,P4-季度触达+大促通知
U009545,流失低潜,1,1442.77,194,4,0.03,P4-季度触达+大促通知
U003360,流失低潜,1,1427.86,506,4,0.03,P4-季度触达+大促通知
U004360,流失低潜,1,1424.38,601,4,0.03,P4-季度触达+大促通知
U001068,流失低潜,1,1400.72,545,4,0.03,P4-季度触达+大促通知
U008637,流失低潜,1,1391.14,403,4,0.03,P4-季度触达+大促通知
U007029,流失低潜,1,1387.63,199,4,0.03,P4-季度触达+大促通知
U008376,流失低潜,1,1385.18,560,4,0.03,P4-季度触达+大促通知
U003088,流失低潜,1,1380.35,461,4,0.03,P4-季度触达+大促通知
U001408,流失低潜,1,1376.79,234,4,0.03,P4-季度触达+大促通知
U002260,流失低潜,1,1368.58,577,4,0.03,P4-季度触达+大促通知
U007395,流失低潜,1,1340.34,323,4,0.03,P4-季度触达+大促通知
U006793,流失低潜,1,1325.06,526,4,0.03,P4-季度触达+大促通知
U000167,流失低潜,1,1324.11,547,4,0.03,P4-季度触达+大促通知
U004943,流失低潜,1,1324.11,281,4,0.03,P4-季度触达+大促通知
U008227,流失低潜,1,1323.25,570,4,0.03,P4-季度触达+大促通知
U005941,流失低潜,1,1290.86,378,4,0.03,P4-季度触达+大促通知
U005505,流失低潜,1,1288.26,263,4,0.03,P4-季度触达+大促通知
U008865,流失低潜,1,1283.45,552,4,0.03,P4-季度触达+大促通知
U008923,流失低潜,1,1276.34,295,4,0.03,P4-季度触达+大促通知
U006354,流失低潜,1,1274.75,241,4,0.03,P4-季度触达+大促通知
U002001,流失低潜,1,1271.03,281,4,0.03,P4-季度触达+大促通知
U003019,流失低潜,1,1265.30,228,4,0.03,P4-季度触达+大促通知
U005683,流失低潜,1,1260.88,368,4,0.03,P4-季度触达+大促通知
U009295,流失低潜,1,1253.29,252,4,0.03,P4-季度触达+大促通知
U008113,流失低潜,1,1240.26,468,4,0.03,P4-季度触达+大促通知
U004717,流失低潜,1,1229.92,378,4,0.03,P4-季度触达+大促通知
U000276,流失低潜,1,1229.16,225,4,0.03,P4-季度触达+大促通知
U007052,流失低潜,1,1228.93,273,4,0.03,P4-季度触达+大促通知
U004350,流失低潜,1,1218.91,293,4,0.03,P4-季度触达+大促通知
U000606,流失低潜,1,1211.07,534,4,0.03,P4-季度触达+大促通知
U008676,流失低潜,1,1209.24,191,4,0.03,P4-季度触达+大促通知
U005917,流失低潜,1,1206.78,224,4,0.03,P4-季度触达+大促通知
U009867,流失低潜,1,1203.46,389,4,0.03,P4-季度触达+大促通知
U005662,流失低潜,1,1201.02,193,4,0.03,P4-季度触达+大促通知
U009331,流失低潜,1,1196.58,265,4,0.03,P4-季度触达+大促通知
U002818,流失低潜,1,1195.49,504,4,0.03,P4-季度触达+大促通知
U003481,流失低潜,1,1193.28,318,4,0.03,P4-季度触达+大促通知
U003788,流失低潜,1,1181.94,344,4,0.03,P4-季度触达+大促通知
U006548,流失低潜,1,1162.12,214,4,0.03,P4-季度触达+大促通知
U009646,流失低潜,1,1161.93,407,4,0.03,P4-季度触达+大促通知
U007665,流失低潜,1,1154.00,186,4,0.03,P4-季度触达+大促通知
U000160,流失低潜,1,1152.27,233,4,0.03,P4-季度触达+大促通知
U005718,流失低潜,1,1145.95,533,4,0.03,P4-季度触达+大促通知
U006768,流失低潜,1,1140.55,202,4,0.03,P4-季度触达+大促通知
U003776,流失低潜,1,1137.33,376,4,0.03,P4-季度触达+大促通知
U007454,流失低潜,1,1136.50,356,4,0.03,P4-季度触达+大促通知
U002291,流失低潜,1,1120.82,388,4,0.03,P4-季度触达+大促通知
U000031,流失低潜,1,1104.67,569,4,0.03,P4-季度触达+大促通知
U000394,流失低潜,1,1100.02,266,4,0.03,P4-季度触达+大促通知
U000022,流失低潜,1,1097.97,415,4,0.03,P4-季度触达+大促通知
U001271,流失低潜,1,1087.18,630,4,0.03,P4-季度触达+大促通知
U002641,流失低潜,1,1075.65,535,4,0.03,P4-季度触达+大促通知
U001431,流失低潜,1,1072.77,389,4,0.03,P4-季度触达+大促通知
U002705,流失低潜,1,1062.76,302,4,0.03,P4-季度触达+大促通知
U005029,流失低潜,1,1062.63,343,4,0.03,P4-季度触达+大促通知
U006559,流失低潜,1,1057.34,270,4,0.03,P4-季度触达+大促通知
U002427,流失低潜,1,1045.70,293,4,0.03,P4-季度触达+大促通知
U007815,流失低潜,1,1031.37,223,4,0.03,P4-季度触达+大促通知
U003554,流失低潜,1,1021.03,220,4,0.03,P4-季度触达+大促通知
U000998,流失低潜,1,1015.47,299,4,0.03,P4-季度触达+大促通知
U008752,流失低潜,1,1008.67,224,4,0.03,P4-季度触达+大促通知
U006339,流失低潜,1,1006.86,594,4,0.03,P4-季度触达+大促通知
U008178,流失低潜,1,976.45,303,4,0.03,P4-季度触达+大促通知
U001356,流失低潜,1,955.36,282,4,0.03,P4-季度触达+大促通知
U008476,流失低潜,1,948.69,357,4,0.03,P4-季度触达+大促通知
U005471,流失低潜,1,946.47,543,4,0.03,P4-季度触达+大促通知
U003520,流失低潜,1,935.69,331,4,0.03,P4-季度触达+大促通知
U007738,流失低潜,1,918.96,419,4,0.03,P4-季度触达+大促通知
U003370,流失低潜,1,914.16,332,4,0.03,P4-季度触达+大促通知
U001175,流失低潜,1,907.64,442,4,0.03,P4-季度触达+大促通知
U006296,流失低潜,1,905.24,195,4,0.03,P4-季度触达+大促通知
U008421,流失低潜,1,899.79,405,4,0.03,P4-季度触达+大促通知
U004037,流失低潜,1,890.67,313,4,0.03,P4-季度触达+大促通知
U005827,流失低潜,1,886.47,259,4,0.03,P4-季度触达+大促通知
U000441,流失低潜,1,886.21,451,4,0.03,P4-季度触达+大促通知
U008401,流失低潜,1,884.41,315,4,0.03,P4-季度触达+大促通知
U005546,流失低潜,1,884.34,528,4,0.03,P4-季度触达+大促通知
U009274,流失低潜,1,881.79,489,4,0.03,P4-季度触达+大促通知
U000242,流失低潜,1,877.82,402,4,0.03,P4-季度触达+大促通知
U002321,流失低潜,1,874.79,269,4,0.03,P4-季度触达+大促通知
U005209,流失低潜,1,873.01,357,4,0.03,P4-季度触达+大促通知
U008248,流失低潜,1,867.49,432,4,0.03,P4-季度触达+大促通知
U006909,流失低潜,1,866.49,183,4,0.03,P4-季度触达+大促通知
U007121,流失低潜,1,860.55,411,4,0.03,P4-季度触达+大促通知
U009826,流失低潜,1,860.41,219,4,0.03,P4-季度触达+大促通知
U006948,流失低潜,1,850.61,531,4,0.03,P4-季度触达+大促通知
U005530,流失低潜,1,848.26,197,4,0.03,P4-季度触达+大促通知
U007973,流失低潜,1,847.42,281,4,0.03,P4-季度触达+大促通知
U000793,流失低潜,1,846.79,239,4,0.03,P4-季度触达+大促通知
U009834,流失低潜,1,832.43,341,4,0.03,P4-季度触达+大促通知
U000169,流失低潜,1,831.94,251,4,0.03,P4-季度触达+大促通知
U003726,流失低潜,1,829.61,210,4,0.03,P4-季度触达+大促通知
U002192,流失低潜,1,824.25,405,4,0.03,P4-季度触达+大促通知
U003625,流失低潜,1,823.98,253,4,0.03,P4-季度触达+大促通知
U004816,流失低潜,1,820.89,399,4,0.03,P4-季度触达+大促通知
U001044,流失低潜,1,815.47,196,4,0.03,P4-季度触达+大促通知
U000083,流失低潜,1,809.67,359,4,0.03,P4-季度触达+大促通知
U008748,流失低潜,1,807.23,383,4,0.03,P4-季度触达+大促通知
U003687,流失低潜,1,799.92,362,4,0.03,P4-季度触达+大促通知
U008173,流失低潜,1,797.97,380,4,0.03,P4-季度触达+大促通知
U007185,流失低潜,1,794.08,417,4,0.03,P4-季度触达+大促通知
U005192,流失低潜,1,786.40,515,4,0.03,P4-季度触达+大促通知
U005713,流失低潜,1,786.40,211,4,0.03,P4-季度触达+大促通知
U005948,流失低潜,1,785.75,631,4,0.03,P4-季度触达+大促通知
U002080,流失低潜,1,781.13,444,4,0.03,P4-季度触达+大促通知
U002711,流失低潜,1,774.94,332,4,0.03,P4-季度触达+大促通知
U003086,流失低潜,1,772.81,375,4,0.03,P4-季度触达+大促通知
U008398,流失低潜,1,770.90,221,4,0.03,P4-季度触达+大促通知
U004663,流失低潜,1,770.24,446,4,0.03,P4-季度触达+大促通知
U000123,流失低潜,1,766.52,652,4,0.03,P4-季度触达+大促通知
U001802,流失低潜,1,755.52,305,4,0.03,P4-季度触达+大促通知
U003506,流失低潜,1,755.40,444,4,0.03,P4-季度触达+大促通知
U001094,流失低潜,1,742.02,342,4,0.03,P4-季度触达+大促通知
U006830,流失低潜,1,731.27,235,4,0.03,P4-季度触达+大促通知
U004216,流失低潜,1,730.48,614,4,0.03,P4-季度触达+大促通知
U009998,流失低潜,1,729.95,329,4,0.03,P4-季度触达+大促通知
U008176,流失低潜,1,719.07,492,4,0.03,P4-季度触达+大促通知
U007962,流失低潜,1,716.43,394,4,0.03,P4-季度触达+大促通知
U000455,流失低潜,1,715.83,421,4,0.03,P4-季度触达+大促通知
U004349,流失低潜,1,710.93,435,4,0.03,P4-季度触达+大促通知
U003948,流失低潜,1,710.28,237,4,0.03,P4-季度触达+大促通知
U001138,流失低潜,1,706.95,456,4,0.03,P4-季度触达+大促通知
U008534,流失低潜,1,704.18,513,4,0.03,P4-季度触达+大促通知
U008454,流失低潜,1,704.13,603,4,0.03,P4-季度触达+大促通知
U001006,流失低潜,1,703.29,225,4,0.03,P4-季度触达+大促通知
U003700,流失低潜,1,700.04,410,4,0.03,P4-季度触达+大促通知
U007096,流失低潜,1,699.13,269,4,0.03,P4-季度触达+大促通知
U000111,流失低潜,1,698.65,269,4,0.03,P4-季度触达+大促通知
U002587,流失低潜,1,689.26,356,4,0.03,P4-季度触达+大促通知
U007538,流失低潜,1,675.42,358,4,0.03,P4-季度触达+大促通知
U007456,流失低潜,1,674.06,205,4,0.03,P4-季度触达+大促通知
U005781,流失低潜,1,672.44,575,4,0.03,P4-季度触达+大促通知
U003230,流失低潜,1,671.71,205,4,0.03,P4-季度触达+大促通知
U009972,流失低潜,1,671.22,292,4,0.03,P4-季度触达+大促通知
U004035,流失低潜,1,669.92,200,4,0.03,P4-季度触达+大促通知
U004144,流失低潜,1,657.09,443,4,0.03,P4-季度触达+大促通知
U001976,流失低潜,1,654.76,265,4,0.03,P4-季度触达+大促通知
U001303,流失低潜,1,653.44,416,4,0.03,P4-季度触达+大促通知
U004888,流失低潜,1,650.77,255,4,0.03,P4-季度触达+大促通知
U009635,流失低潜,1,637.27,447,4,0.03,P4-季度触达+大促通知
U003397,流失低潜,1,633.08,185,4,0.03,P4-季度触达+大促通知
U007062,流失低潜,1,630.52,187,4,0.03,P4-季度触达+大促通知
U000220,流失低潜,1,623.72,573,4,0.03,P4-季度触达+大促通知
U009542,流失低潜,1,623.30,287,4,0.03,P4-季度触达+大促通知
U006584,流失低潜,1,619.72,476,4,0.03,P4-季度触达+大促通知
U001666,流失低潜,1,619.09,426,4,0.03,P4-季度触达+大促通知
U008665,流失低潜,1,614.34,483,4,0.03,P4-季度触达+大促通知
U003947,流失低潜,1,612.23,531,4,0.03,P4-季度触达+大促通知
U004555,流失低潜,1,606.51,233,4,0.03,P4-季度触达+大促通知
U003881,流失低潜,1,605.54,268,4,0.03,P4-季度触达+大促通知
U001277,流失低潜,1,603.06,490,4,0.03,P4-季度触达+大促通知
U001988,流失低潜,1,601.59,356,4,0.03,P4-季度触达+大促通知
U002258,流失低潜,1,601.59,293,4,0.03,P4-季度触达+大促通知
U007508,流失低潜,1,598.96,399,4,0.03,P4-季度触达+大促通知
U002002,流失低潜,1,598.90,234,4,0.03,P4-季度触达+大促通知
U002310,流失低潜,1,598.42,234,4,0.03,P4-季度触达+大促通知
U005733,流失低潜,1,597.88,214,4,0.03,P4-季度触达+大促通知
U005361,流失低潜,1,597.80,428,4,0.03,P4-季度触达+大促通知
U003568,流失低潜,1,591.56,225,4,0.03,P4-季度触达+大促通知
U004224,流失低潜,1,591.55,390,4,0.03,P4-季度触达+大促通知
U006370,流失低潜,1,590.92,364,4,0.03,P4-季度触达+大促通知
U006480,流失低潜,1,587.67,229,4,0.03,P4-季度触达+大促通知
U007216,流失低潜,1,582.10,210,4,0.03,P4-季度触达+大促通知
U003877,流失低潜,1,581.53,184,4,0.03,P4-季度触达+大促通知
U002716,流失低潜,1,572.62,227,4,0.03,P4-季度触达+大促通知
U007051,流失低潜,1,569.72,548,4,0.03,P4-季度触达+大促通知
U006049,流失低潜,1,569.65,370,4,0.03,P4-季度触达+大促通知
U007059,流失低潜,1,565.28,233,4,0.03,P4-季度触达+大促通知
U002123,流失低潜,1,564.88,435,4,0.03,P4-季度触达+大促通知
U004907,流失低潜,1,562.76,383,4,0.03,P4-季度触达+大促通知
U006364,流失低潜,1,562.64,183,4,0.03,P4-季度触达+大促通知
U007532,流失低潜,1,562.01,249,4,0.03,P4-季度触达+大促通知
U004844,流失低潜,1,561.58,381,4,0.03,P4-季度触达+大促通知
U000912,流失低潜,1,556.23,198,4,0.03,P4-季度触达+大促通知
U001810,流失低潜,1,552.59,350,4,0.03,P4-季度触达+大促通知
U005760,流失低潜,1,549.87,303,4,0.03,P4-季度触达+大促通知
U004370,流失低潜,1,549.32,525,4,0.03,P4-季度触达+大促通知
U004194,流失低潜,1,545.51,204,4,0.03,P4-季度触达+大促通知
U003414,流失低潜,1,541.36,476,4,0.03,P4-季度触达+大促通知
U009261,流失低潜,1,540.84,327,4,0.03,P4-季度触达+大促通知
U006648,流失低潜,1,539.17,307,4,0.03,P4-季度触达+大促通知
U009315,流失低潜,1,538.63,544,4,0.03,P4-季度触达+大促通知
U000676,流失低潜,1,535.95,237,4,0.03,P4-季度触达+大促通知
U003893,流失低潜,1,535.01,265,4,0.03,P4-季度触达+大促通知
U005358,流失低潜,1,535.01,199,4,0.03,P4-季度触达+大促通知
U005784,流失低潜,1,531.42,473,4,0.03,P4-季度触达+大促通知
U006385,流失低潜,1,529.55,349,4,0.03,P4-季度触达+大促通知
U002477,流失低潜,1,527.15,468,4,0.03,P4-季度触达+大促通知
U007414,流失低潜,1,519.49,233,4,0.03,P4-季度触达+大促通知
U004066,流失低潜,1,519.21,385,4,0.03,P4-季度触达+大促通知
U004483,流失低潜,1,513.60,378,4,0.03,P4-季度触达+大促通知
U000918,流失低潜,1,513.47,209,4,0.03,P4-季度触达+大促通知
U002011,流失低潜,1,510.63,543,4,0.03,P4-季度触达+大促通知
U007739,流失低潜,1,509.48,551,4,0.03,P4-季度触达+大促通知
U004537,流失低潜,1,508.70,203,4,0.03,P4-季度触达+大促通知
U000412,流失低潜,1,508.40,217,4,0.03,P4-季度触达+大促通知
U003476,流失低潜,1,507.88,196,4,0.03,P4-季度触达+大促通知
U005248,流失低潜,1,503.48,236,4,0.03,P4-季度触达+大促通知
U002683,流失低潜,1,498.28,239,4,0.03,P4-季度触达+大促通知
U005553,流失低潜,1,495.38,323,4,0.03,P4-季度触达+大促通知
U009006,流失低潜,1,494.34,199,4,0.03,P4-季度触达+大促通知
U002184,流失低潜,1,494.29,323,4,0.03,P4-季度触达+大促通知
U009963,流失低潜,1,492.81,410,4,0.03,P4-季度触达+大促通知
U007470,流失低潜,1,489.62,359,4,0.03,P4-季度触达+大促通知
U006178,流失低潜,1,488.59,412,4,0.03,P4-季度触达+大促通知
U007672,流失低潜,1,488.59,220,4,0.03,P4-季度触达+大促通知
U001078,流失低潜,1,483.46,318,4,0.03,P4-季度触达+大促通知
U002200,流失低潜,1,478.82,196,4,0.03,P4-季度触达+大促通知
U000779,流失低潜,1,477.87,383,4,0.03,P4-季度触达+大促通知
U009420,流失低潜,1,476.98,201,4,0.03,P4-季度触达+大促通知
U001714,流失低潜,1,476.89,307,4,0.03,P4-季度触达+大促通知
U008710,流失低潜,1,476.30,191,4,0.03,P4-季度触达+大促通知
U004397,流失低潜,1,470.61,281,4,0.03,P4-季度触达+大促通知
U002747,流失低潜,1,469.98,516,4,0.03,P4-季度触达+大促通知
U009236,流失低潜,1,469.76,215,4,0.03,P4-季度触达+大促通知
U003080,流失低潜,1,469.67,529,4,0.03,P4-季度触达+大促通知
U009216,流失低潜,1,468.94,263,4,0.03,P4-季度触达+大促通知
U000571,流失低潜,1,466.90,357,4,0.03,P4-季度触达+大促通知
U002028,流失低潜,1,466.25,201,4,0.03,P4-季度触达+大促通知
U000253,流失低潜,1,464.85,226,4,0.03,P4-季度触达+大促通知
U007382,流失低潜,1,463.81,208,4,0.03,P4-季度触达+大促通知
U001736,流失低潜,1,463.05,210,4,0.03,P4-季度触达+大促通知
U008517,流失低潜,1,461.08,460,4,0.03,P4-季度触达+大促通知
U003691,流失低潜,1,460.66,417,4,0.03,P4-季度触达+大促通知
U009885,流失低潜,1,459.10,277,4,0.03,P4-季度触达+大促通知
U002937,流失低潜,1,454.35,249,4,0.03,P4-季度触达+大促通知
U004676,流失低潜,1,453.70,432,4,0.03,P4-季度触达+大促通知
U001438,流失低潜,1,451.30,206,4,0.03,P4-季度触达+大促通知
U007302,流失低潜,1,450.53,329,4,0.03,P4-季度触达+大促通知
U002722,流失低潜,1,446.69,574,4,0.03,P4-季度触达+大促通知
U006511,流失低潜,1,442.23,211,4,0.03,P4-季度触达+大促通知
U000878,流失低潜,1,441.06,504,4,0.03,P4-季度触达+大促通知
U000475,流失低潜,1,439.64,226,4,0.03,P4-季度触达+大促通知
U003661,流失低潜,1,438.93,274,4,0.03,P4-季度触达+大促通知
U004885,流失低潜,1,436.18,494,4,0.03,P4-季度触达+大促通知
U006368,流失低潜,1,427.92,476,4,0.03,P4-季度触达+大促通知
U003383,流失低潜,1,427.71,254,4,0.03,P4-季度触达+大促通知
U000524,流失低潜,1,425.45,372,4,0.03,P4-季度触达+大促通知
U003735,流失低潜,1,424.99,401,4,0.03,P4-季度触达+大促通知
U004432,流失低潜,1,423.02,220,4,0.03,P4-季度触达+大促通知
U000797,流失低潜,1,422.60,488,4,0.03,P4-季度触达+大促通知
U004771,流失低潜,1,420.35,432,4,0.03,P4-季度触达+大促通知
U000916,流失低潜,1,418.78,430,4,0.03,P4-季度触达+大促通知
U006478,流失低潜,1,418.59,293,4,0.03,P4-季度触达+大促通知
U003965,流失低潜,1,417.38,513,4,0.03,P4-季度触达+大促通知
U009772,流失低潜,1,416.76,274,4,0.03,P4-季度触达+大促通知
U004255,流失低潜,1,415.85,360,4,0.03,P4-季度触达+大促通知
U008364,流失低潜,1,414.77,338,4,0.03,P4-季度触达+大促通知
U008032,流失低潜,1,414.73,191,4,0.03,P4-季度触达+大促通知
U004354,流失低潜,1,413.42,495,4,0.03,P4-季度触达+大促通知
U005915,流失低潜,1,411.48,194,4,0.03,P4-季度触达+大促通知
U001925,流失低潜,1,408.17,604,4,0.03,P4-季度触达+大促通知
U008494,流失低潜,1,404.92,500,4,0.03,P4-季度触达+大促通知
U008781,流失低潜,1,403.61,423,4,0.03,P4-季度触达+大促通知
U008702,流失低潜,1,403.08,492,4,0.03,P4-季度触达+大促通知
U001398,流失低潜,1,402.72,342,4,0.03,P4-季度触达+大促通知
U008351,流失低潜,1,401.29,326,4,0.03,P4-季度触达+大促通知
U007957,流失低潜,1,398.84,490,4,0.03,P4-季度触达+大促通知
U006805,流失低潜,1,398.82,256,4,0.03,P4-季度触达+大促通知
U008952,流失低潜,1,398.40,464,4,0.03,P4-季度触达+大促通知
U004518,流失低潜,1,397.00,196,4,0.03,P4-季度触达+大促通知
U007684,流失低潜,1,396.98,327,4,0.03,P4-季度触达+大促通知
U002437,流失低潜,1,396.10,314,4,0.03,P4-季度触达+大促通知
U000530,流失低潜,1,395.47,367,4,0.03,P4-季度触达+大促通知
U002370,流失低潜,1,392.25,235,4,0.03,P4-季度触达+大促通知
U007377,流失低潜,1,390.18,297,4,0.03,P4-季度触达+大促通知
U002753,流失低潜,1,389.45,214,4,0.03,P4-季度触达+大促通知
U003905,流失低潜,1,385.78,444,4,0.03,P4-季度触达+大促通知
U007178,流失低潜,1,384.93,362,4,0.03,P4-季度触达+大促通知
U008317,流失低潜,1,380.78,446,4,0.03,P4-季度触达+大促通知
U004304,流失低潜,1,377.93,262,4,0.03,P4-季度触达+大促通知
U001698,流失低潜,1,376.31,335,4,0.03,P4-季度触达+大促通知
U002252,流失低潜,1,375.91,259,4,0.03,P4-季度触达+大促通知
U006858,流失低潜,1,374.27,634,4,0.03,P4-季度触达+大促通知
U003906,流失低潜,1,372.17,557,4,0.03,P4-季度触达+大促通知
U007297,流失低潜,1,371.46,181,4,0.03,P4-季度触达+大促通知
U009950,流失低潜,1,367.05,192,4,0.03,P4-季度触达+大促通知
U006555,流失低潜,1,366.24,476,4,0.03,P4-季度触达+大促通知
U002880,流失低潜,1,365.96,234,4,0.03,P4-季度触达+大促通知
U000788,流失低潜,1,365.24,458,4,0.03,P4-季度触达+大促通知
U007814,流失低潜,1,363.25,304,4,0.03,P4-季度触达+大促通知
U008958,流失低潜,1,363.09,317,4,0.03,P4-季度触达+大促通知
U004327,流失低潜,1,362.34,619,4,0.03,P4-季度触达+大促通知
U000938,流失低潜,1,361.80,335,4,0.03,P4-季度触达+大促通知
U007323,流失低潜,1,361.55,310,4,0.03,P4-季度触达+大促通知
U007370,流失低潜,1,359.27,257,4,0.03,P4-季度触达+大促通知
U007866,流失低潜,1,356.82,359,4,0.03,P4-季度触达+大促通知
U006660,流失低潜,1,355.72,346,4,0.03,P4-季度触达+大促通知
U001554,流失低潜,1,354.88,273,4,0.03,P4-季度触达+大促通知
U005526,流失低潜,1,354.58,273,4,0.03,P4-季度触达+大促通知
U001024,流失低潜,1,354.49,401,4,0.03,P4-季度触达+大促通知
U004595,流失低潜,1,352.24,560,4,0.03,P4-季度触达+大促通知
U003923,流失低潜,1,351.45,352,4,0.03,P4-季度触达+大促通知
U006608,流失低潜,1,350.58,329,4,0.03,P4-季度触达+大促通知
U003618,流失低潜,1,350.38,218,4,0.03,P4-季度触达+大促通知
U009475,流失低潜,1,346.98,529,4,0.03,P4-季度触达+大促通知
U000716,流失低潜,1,341.61,215,4,0.03,P4-季度触达+大促通知
U009555,流失低潜,1,337.27,299,4,0.03,P4-季度触达+大促通知
U002919,流失低潜,1,337.06,369,4,0.03,P4-季度触达+大促通知
U007723,流失低潜,1,336.39,197,4,0.03,P4-季度触达+大促通知
U001018,流失低潜,1,335.61,273,4,0.03,P4-季度触达+大促通知
U007885,流失低潜,1,333.28,566,4,0.03,P4-季度触达+大促通知
U005937,流失低潜,1,332.78,565,4,0.03,P4-季度触达+大促通知
U000332,流失低潜,1,332.69,422,4,0.03,P4-季度触达+大促通知
U004324,流失低潜,1,330.83,248,4,0.03,P4-季度触达+大促通知
U000975,流失低潜,1,330.06,628,4,0.03,P4-季度触达+大促通知
U008511,流失低潜,1,327.15,501,4,0.03,P4-季度触达+大促通知
U002049,流失低潜,1,326.80,361,4,0.03,P4-季度触达+大促通知
U009372,流失低潜,1,322.77,269,4,0.03,P4-季度触达+大促通知
U006921,流失低潜,1,320.65,614,4,0.03,P4-季度触达+大促通知
U008709,流失低潜,1,320.20,227,4,0.03,P4-季度触达+大促通知
U006185,流失低潜,1,320.13,350,4,0.03,P4-季度触达+大促通知
U002859,流失低潜,1,319.76,455,4,0.03,P4-季度触达+大促通知
U009271,流失低潜,1,317.61,279,4,0.03,P4-季度触达+大促通知
U008644,流失低潜,1,317.34,336,4,0.03,P4-季度触达+大促通知
U007855,流失低潜,1,316.08,205,4,0.03,P4-季度触达+大促通知
U006687,流失低潜,1,314.64,538,4,0.03,P4-季度触达+大促通知
U006138,流失低潜,1,313.84,496,4,0.03,P4-季度触达+大促通知
U004631,流失低潜,1,312.52,526,4,0.03,P4-季度触达+大促通知
U005408,流失低潜,1,311.83,477,4,0.03,P4-季度触达+大促通知
U005699,流失低潜,1,308.88,419,4,0.03,P4-季度触达+大促通知
U008850,流失低潜,1,307.35,532,4,0.03,P4-季度触达+大促通知
U002021,流失低潜,1,307.04,349,4,0.03,P4-季度触达+大促通知
U006795,流失低潜,1,306.10,306,4,0.03,P4-季度触达+大促通知
U005502,流失低潜,1,302.37,368,4,0.03,P4-季度触达+大促通知
U005616,流失低潜,1,301.22,580,4,0.03,P4-季度触达+大促通知
U009189,流失低潜,1,299.88,281,4,0.03,P4-季度触达+大促通知
U002935,流失低潜,1,299.27,273,4,0.03,P4-季度触达+大促通知
U003052,流失低潜,1,296.23,218,4,0.03,P4-季度触达+大促通知
U005951,流失低潜,1,294.26,510,4,0.03,P4-季度触达+大促通知
U007155,流失低潜,1,293.24,400,4,0.03,P4-季度触达+大促通知
U000542,流失低潜,1,293.13,187,4,0.03,P4-季度触达+大促通知
U003353,流失低潜,1,291.14,249,4,0.03,P4-季度触达+大促通知
U005441,流失低潜,1,288.48,293,4,0.03,P4-季度触达+大促通知
U007325,流失低潜,1,285.60,287,4,0.03,P4-季度触达+大促通知
U007093,流失低潜,1,285.18,309,4,0.03,P4-季度触达+大促通知
U000168,流失低潜,1,284.43,416,4,0.03,P4-季度触达+大促通知
U003321,流失低潜,1,283.47,532,4,0.03,P4-季度触达+大促通知
U008378,流失低潜,1,283.17,282,4,0.03,P4-季度触达+大促通知
U000471,流失低潜,1,283.05,227,4,0.03,P4-季度触达+大促通知
U002946,流失低潜,1,281.03,226,4,0.03,P4-季度触达+大促通知
U009361,流失低潜,1,279.63,336,4,0.03,P4-季度触达+大促通知
U006812,流失低潜,1,278.12,297,4,0.03,P4-季度触达+大促通知
U006150,流失低潜,1,277.68,353,4,0.03,P4-季度触达+大促通知
U004838,流失低潜,1,275.30,185,4,0.03,P4-季度触达+大促通知
U000809,流失低潜,1,273.50,241,4,0.03,P4-季度触达+大促通知
U002546,流失低潜,1,269.94,265,4,0.03,P4-季度触达+大促通知
U005112,流失低潜,1,269.90,308,4,0.03,P4-季度触达+大促通知
U000317,流失低潜,1,265.83,327,4,0.03,P4-季度触达+大促通知
U001512,流失低潜,1,264.67,522,4,0.03,P4-季度触达+大促通知
U004969,流失低潜,1,260.96,478,4,0.03,P4-季度触达+大促通知
U008391,流失低潜,1,260.17,289,4,0.03,P4-季度触达+大促通知
U008146,流失低潜,1,260.02,460,4,0.03,P4-季度触达+大促通知
U008051,流失低潜,1,257.35,242,4,0.03,P4-季度触达+大促通知
U006499,流失低潜,1,256.55,465,4,0.03,P4-季度触达+大促通知
U008352,流失低潜,1,255.97,250,4,0.03,P4-季度触达+大促通知
U003636,流失低潜,1,255.91,299,4,0.03,P4-季度触达+大促通知
U006209,流失低潜,1,255.41,196,4,0.03,P4-季度触达+大促通知
U009494,流失低潜,1,254.67,198,4,0.03,P4-季度触达+大促通知
U007025,流失低潜,1,254.58,478,4,0.03,P4-季度触达+大促通知
U009155,流失低潜,1,254.26,263,4,0.03,P4-季度触达+大促通知
U005745,流失低潜,1,254.06,295,4,0.03,P4-季度触达+大促通知
U003544,流失低潜,1,252.48,245,4,0.03,P4-季度触达+大促通知
U005887,流失低潜,1,252.13,356,4,0.03,P4-季度触达+大促通知
U004235,流失低潜,1,252.09,322,4,0.03,P4-季度触达+大促通知
U006746,流失低潜,1,252.09,308,4,0.03,P4-季度触达+大促通知
U003874,流失低潜,1,250.79,403,4,0.03,P4-季度触达+大促通知
U001288,流失低潜,1,250.04,372,4,0.03,P4-季度触达+大促通知
U003400,流失低潜,1,250.00,199,4,0.03,P4-季度触达+大促通知
U007425,流失低潜,1,249.61,494,4,0.03,P4-季度触达+大促通知
U002430,流失低潜,1,249.36,628,4,0.03,P4-季度触达+大促通知
U008025,流失低潜,1,247.84,284,4,0.03,P4-季度触达+大促通知
U009798,流失低潜,1,247.43,483,4,0.03,P4-季度触达+大促通知
U000010,流失低潜,1,247.20,199,4,0.03,P4-季度触达+大促通知
U009932,流失低潜,1,246.38,380,4,0.03,P4-季度触达+大促通知
U004938,流失低潜,1,246.05,315,4,0.03,P4-季度触达+大促通知
U003591,流失低潜,1,244.74,211,4,0.03,P4-季度触达+大促通知
U001570,流失低潜,1,244.44,512,4,0.03,P4-季度触达+大促通知
U002870,流失低潜,1,244.16,263,4,0.03,P4-季度触达+大促通知
U002248,流失低潜,1,243.94,412,4,0.03,P4-季度触达+大促通知
U008308,流失低潜,1,242.79,377,4,0.03,P4-季度触达+大促通知
U008529,流失低潜,1,241.98,234,4,0.03,P4-季度触达+大促通知
U008599,流失低潜,1,241.90,195,4,0.03,P4-季度触达+大促通知
U001627,流失低潜,1,241.88,312,4,0.03,P4-季度触达+大促通知
U002237,流失低潜,1,241.36,237,4,0.03,P4-季度触达+大促通知
U008504,流失低潜,1,239.49,571,4,0.03,P4-季度触达+大促通知
U000688,流失低潜,1,239.16,196,4,0.03,P4-季度触达+大促通知
U001799,流失低潜,1,238.38,430,4,0.03,P4-季度触达+大促通知
U000568,流失低潜,1,238.30,559,4,0.03,P4-季度触达+大促通知
U005200,流失低潜,1,237.83,434,4,0.03,P4-季度触达+大促通知
U004736,流失低潜,1,232.34,398,4,0.03,P4-季度触达+大促通知
U003824,流失低潜,1,232.32,401,4,0.03,P4-季度触达+大促通知
U008057,流失低潜,1,229.32,653,4,0.03,P4-季度触达+大促通知
U009442,流失低潜,1,228.95,338,4,0.03,P4-季度触达+大促通知
U004196,流失低潜,1,228.80,408,4,0.03,P4-季度触达+大促通知
U004157,流失低潜,1,228.58,554,4,0.03,P4-季度触达+大促通知
U002533,流失低潜,1,227.34,326,4,0.03,P4-季度触达+大促通知
U004829,流失低潜,1,227.11,500,4,0.03,P4-季度触达+大促通知
U007685,流失低潜,1,224.87,574,4,0.03,P4-季度触达+大促通知
U005228,流失低潜,1,224.74,354,4,0.03,P4-季度触达+大促通知
U006075,流失低潜,1,221.44,233,4,0.03,P4-季度触达+大促通知
U001210,流失低潜,1,219.95,303,4,0.03,P4-季度触达+大促通知
U000087,流失低潜,1,219.54,280,4,0.03,P4-季度触达+大促通知
U004845,流失低潜,1,217.83,289,4,0.03,P4-季度触达+大促通知
U001131,流失低潜,1,215.95,334,4,0.03,P4-季度触达+大促通知
U006690,流失低潜,1,215.71,364,4,0.03,P4-季度触达+大促通知
U004176,流失低潜,1,212.46,339,4,0.03,P4-季度触达+大促通知
U006324,流失低潜,1,210.58,241,4,0.03,P4-季度触达+大促通知
U006002,流失低潜,1,209.76,292,4,0.03,P4-季度触达+大促通知
U000671,流失低潜,1,208.70,399,4,0.03,P4-季度触达+大促通知
U006389,流失低潜,1,207.43,476,4,0.03,P4-季度触达+大促通知
U000540,流失低潜,1,205.33,365,4,0.03,P4-季度触达+大促通知
U001864,流失低潜,1,204.76,605,4,0.03,P4-季度触达+大促通知
U002032,流失低潜,1,203.57,207,4,0.03,P4-季度触达+大促通知
U009313,流失低潜,1,199.08,344,4,0.03,P4-季度触达+大促通知
U001609,流失低潜,1,197.07,218,4,0.03,P4-季度触达+大促通知
U009478,流失低潜,1,196.99,513,4,0.03,P4-季度触达+大促通知
U004465,流失低潜,1,195.56,289,4,0.03,P4-季度触达+大促通知
U001163,流失低潜,1,195.46,333,4,0.03,P4-季度触达+大促通知
U006240,流失低潜,1,195.39,358,4,0.03,P4-季度触达+大促通知
U003060,流失低潜,1,195.21,550,4,0.03,P4-季度触达+大促通知
U007073,流失低潜,1,195.21,317,4,0.03,P4-季度触达+大促通知
U000337,流失低潜,1,194.81,274,4,0.03,P4-季度触达+大促通知
U004371,流失低潜,1,194.75,264,4,0.03,P4-季度触达+大促通知
U001644,流失低潜,1,193.12,249,4,0.03,P4-季度触达+大促通知
U005848,流失低潜,1,189.79,462,4,0.03,P4-季度触达+大促通知
U006003,流失低潜,1,189.42,221,4,0.03,P4-季度触达+大促通知
U008089,流失低潜,1,189.35,232,4,0.03,P4-季度触达+大促通知
U009360,流失低潜,1,189.24,261,4,0.03,P4-季度触达+大促通知
U009229,流失低潜,1,188.01,512,4,0.03,P4-季度触达+大促通知
U007667,流失低潜,1,186.94,355,4,0.03,P4-季度触达+大促通知
U007717,流失低潜,1,186.51,549,4,0.03,P4-季度触达+大促通知
U000535,流失低潜,1,186.13,237,4,0.03,P4-季度触达+大促通知
U009124,流失低潜,1,185.76,622,4,0.03,P4-季度触达+大促通知
U003208,流失低潜,1,185.17,480,4,0.03,P4-季度触达+大促通知
U002921,流失低潜,1,185.03,260,4,0.03,P4-季度触达+大促通知
U007805,流失低潜,1,184.80,193,4,0.03,P4-季度触达+大促通知
U002849,流失低潜,1,184.18,468,4,0.03,P4-季度触达+大促通知
U006494,流失低潜,1,183.75,271,4,0.03,P4-季度触达+大促通知
U006557,流失低潜,1,183.59,270,4,0.03,P4-季度触达+大促通知
U009030,流失低潜,1,183.12,392,4,0.03,P4-季度触达+大促通知
U009476,流失低潜,1,180.60,237,4,0.03,P4-季度触达+大促通知
U008295,流失低潜,1,180.40,482,4,0.03,P4-季度触达+大促通知
U008223,流失低潜,1,179.99,222,4,0.03,P4-季度触达+大促通知
U005048,流失低潜,1,179.73,446,4,0.03,P4-季度触达+大促通知
U003903,流失低潜,1,179.70,623,4,0.03,P4-季度触达+大促通知
U001434,流失低潜,1,179.20,263,4,0.03,P4-季度触达+大促通知
U006633,流失低潜,1,177.95,272,4,0.03,P4-季度触达+大促通知
U004598,流失低潜,1,177.92,216,4,0.03,P4-季度触达+大促通知
U003846,流失低潜,1,177.64,376,4,0.03,P4-季度触达+大促通知
U008422,流失低潜,1,177.06,346,4,0.03,P4-季度触达+大促通知
U009797,流失低潜,1,176.19,187,4,0.03,P4-季度触达+大促通知
U008964,流失低潜,1,175.38,233,4,0.03,P4-季度触达+大促通知
U004394,流失低潜,1,174.96,196,4,0.03,P4-季度触达+大促通知
U008027,流失低潜,1,173.97,366,4,0.03,P4-季度触达+大促通知
U006600,流失低潜,1,172.68,332,4,0.03,P4-季度触达+大促通知
U009755,流失低潜,1,172.42,425,4,0.03,P4-季度触达+大促通知
U008771,流失低潜,1,171.69,289,4,0.03,P4-季度触达+大促通知
U000562,流失低潜,1,168.05,248,4,0.03,P4-季度触达+大促通知
U009578,流失低潜,1,166.64,322,4,0.03,P4-季度触达+大促通知
U007442,流失低潜,1,165.22,376,4,0.03,P4-季度触达+大促通知
U000669,流失低潜,1,165.03,207,4,0.03,P4-季度触达+大促通知
U003644,流失低潜,1,165.03,482,4,0.03,P4-季度触达+大促通知
U004186,流失低潜,1,165.03,254,4,0.03,P4-季度触达+大促通知
U005463,流失低潜,1,163.23,403,4,0.03,P4-季度触达+大促通知
U003182,流失低潜,1,161.64,285,4,0.03,P4-季度触达+大促通知
U007324,流失低潜,1,161.29,317,4,0.03,P4-季度触达+大促通知
U005203,流失低潜,1,160.18,271,4,0.03,P4-季度触达+大促通知
U005465,流失低潜,1,159.73,332,4,0.03,P4-季度触达+大促通知
U005635,流失低潜,1,157.00,416,4,0.03,P4-季度触达+大促通知
U008171,流失低潜,1,157.00,242,4,0.03,P4-季度触达+大促通知
U009244,流失低潜,1,157.00,258,4,0.03,P4-季度触达+大促通知
U006699,流失低潜,1,156.98,300,4,0.03,P4-季度触达+大促通知
U002511,流失低潜,1,156.64,393,4,0.03,P4-季度触达+大促通知
U003530,流失低潜,1,154.66,195,4,0.03,P4-季度触达+大促通知
U003204,流失低潜,1,154.55,467,4,0.03,P4-季度触达+大促通知
U008147,流失低潜,1,153.71,474,4,0.03,P4-季度触达+大促通知
U001871,流失低潜,1,151.39,212,4,0.03,P4-季度触达+大促通知
U002082,流失低潜,1,151.12,221,4,0.03,P4-季度触达+大促通知
U007365,流失低潜,1,149.22,496,4,0.03,P4-季度触达+大促通知
U007430,流失低潜,1,148.89,466,4,0.03,P4-季度触达+大促通知
U005050,流失低潜,1,148.73,347,4,0.03,P4-季度触达+大促通知
U000384,流失低潜,1,147.97,447,4,0.03,P4-季度触达+大促通知
U007030,流失低潜,1,147.86,212,4,0.03,P4-季度触达+大促通知
U005212,流失低潜,1,147.17,389,4,0.03,P4-季度触达+大促通知
U007818,流失低潜,1,147.11,437,4,0.03,P4-季度触达+大促通知
U007675,流失低潜,1,146.97,319,4,0.03,P4-季度触达+大促通知
U003190,流失低潜,1,146.65,482,4,0.03,P4-季度触达+大促通知
U007681,流失低潜,1,146.49,550,4,0.03,P4-季度触达+大促通知
U000522,流失低潜,1,143.16,206,4,0.03,P4-季度触达+大促通知
U005798,流失低潜,1,143.04,250,4,0.03,P4-季度触达+大促通知
U002040,流失低潜,1,142.05,182,4,0.03,P4-季度触达+大促通知
U005865,流失低潜,1,140.30,341,4,0.03,P4-季度触达+大促通知
U006615,流失低潜,1,138.74,294,4,0.03,P4-季度触达+大促通知
U003490,流失低潜,1,138.66,220,4,0.03,P4-季度触达+大促通知
U007680,流失低潜,1,136.97,244,4,0.03,P4-季度触达+大促通知
U009299,流失低潜,1,135.24,268,4,0.03,P4-季度触达+大促通知
U007171,流失低潜,1,135.23,259,4,0.03,P4-季度触达+大促通知
U002150,流失可弃,1,134.50,334,4,0.01,P4-不主动触达，仅大促被动覆盖
U001256,流失可弃,1,133.67,186,4,0.01,P4-不主动触达，仅大促被动覆盖
U008467,流失可弃,1,132.71,429,4,0.01,P4-不主动触达，仅大促被动覆盖
U002577,流失可弃,1,132.06,290,4,0.01,P4-不主动触达，仅大促被动覆盖
U003470,流失可弃,1,130.56,287,4,0.01,P4-不主动触达，仅大促被动覆盖
U001132,流失可弃,1,130.31,275,4,0.01,P4-不主动触达，仅大促被动覆盖
U006764,流失可弃,1,128.79,203,4,0.01,P4-不主动触达，仅大促被动覆盖
U000705,流失可弃,1,128.28,226,4,0.01,P4-不主动触达，仅大促被动覆盖
U004721,流失可弃,1,127.81,352,4,0.01,P4-不主动触达，仅大促被动覆盖
U008727,流失低潜,2,127.45,478,4,0.03,P4-季度触达+大促通知
U004447,流失可弃,1,126.16,358,4,0.01,P4-不主动触达，仅大促被动覆盖
U006414,流失低潜,2,125.67,193,4,0.03,P4-季度触达+大促通知
U000250,流失可弃,1,124.97,245,4,0.01,P4-不主动触达，仅大促被动覆盖
U008721,流失可弃,1,124.34,477,4,0.01,P4-不主动触达，仅大促被动覆盖
U003765,流失可弃,1,124.08,228,4,0.01,P4-不主动触达，仅大促被动覆盖
U009188,流失可弃,1,122.71,225,4,0.01,P4-不主动触达，仅大促被动覆盖
U007417,流失可弃,1,121.89,385,4,0.01,P4-不主动触达，仅大促被动覆盖
U004047,流失可弃,1,121.71,234,4,0.01,P4-不主动触达，仅大促被动覆盖
U004444,流失可弃,1,120.28,467,4,0.01,P4-不主动触达，仅大促被动覆盖
U001614,流失可弃,1,119.58,234,4,0.01,P4-不主动触达，仅大促被动覆盖
U008078,流失可弃,1,119.52,546,4,0.01,P4-不主动触达，仅大促被动覆盖
U009394,流失可弃,1,119.07,203,4,0.01,P4-不主动触达，仅大促被动覆盖
U000311,流失可弃,1,118.80,314,4,0.01,P4-不主动触达，仅大促被动覆盖
U003813,流失可弃,1,117.72,643,4,0.01,P4-不主动触达，仅大促被动覆盖
U006090,流失可弃,1,117.10,480,4,0.01,P4-不主动触达，仅大促被动覆盖
U009484,流失可弃,1,115.92,225,4,0.01,P4-不主动触达，仅大促被动覆盖
U003009,流失可弃,1,115.63,441,4,0.01,P4-不主动触达，仅大促被动覆盖
U006713,流失可弃,1,115.21,274,4,0.01,P4-不主动触达，仅大促被动覆盖
U005399,流失可弃,1,114.66,260,4,0.01,P4-不主动触达，仅大促被动覆盖
U001909,流失可弃,1,114.32,202,4,0.01,P4-不主动触达，仅大促被动覆盖
U003761,流失可弃,1,111.42,295,4,0.01,P4-不主动触达，仅大促被动覆盖
U001881,流失可弃,1,110.71,260,4,0.01,P4-不主动触达，仅大促被动覆盖
U001145,流失可弃,1,108.50,201,4,0.01,P4-不主动触达，仅大促被动覆盖
U007364,流失可弃,1,108.18,380,4,0.01,P4-不主动触达，仅大促被动覆盖
U007620,流失可弃,1,107.66,232,4,0.01,P4-不主动触达，仅大促被动覆盖
U006864,流失可弃,1,105.72,553,4,0.01,P4-不主动触达，仅大促被动覆盖
U003588,流失可弃,1,105.48,217,4,0.01,P4-不主动触达，仅大促被动覆盖
U002628,流失可弃,1,105.36,291,4,0.01,P4-不主动触达，仅大促被动覆盖
U003551,流失可弃,1,105.35,319,4,0.01,P4-不主动触达，仅大促被动覆盖
U004093,流失可弃,1,104.38,484,4,0.01,P4-不主动触达，仅大促被动覆盖
U009770,流失可弃,1,104.27,293,4,0.01,P4-不主动触达，仅大促被动覆盖
U009322,流失可弃,1,104.12,347,4,0.01,P4-不主动触达，仅大促被动覆盖
U005522,流失可弃,1,104.04,290,4,0.01,P4-不主动触达，仅大促被动覆盖
U004753,流失可弃,1,103.43,273,4,0.01,P4-不主动触达，仅大促被动覆盖
U009437,流失可弃,1,101.97,305,4,0.01,P4-不主动触达，仅大促被动覆盖
U007749,流失可弃,1,100.65,199,4,0.01,P4-不主动触达，仅大促被动覆盖
U009992,流失可弃,1,100.62,320,4,0.01,P4-不主动触达，仅大促被动覆盖
U004581,流失可弃,1,99.56,236,4,0.01,P4-不主动触达，仅大促被动覆盖
U006716,流失可弃,1,99.35,283,4,0.01,P4-不主动触达，仅大促被动覆盖
U000753,流失可弃,1,98.81,495,4,0.01,P4-不主动触达，仅大促被动覆盖
U003507,流失可弃,1,98.30,244,4,0.01,P4-不主动触达，仅大促被动覆盖
U005193,流失可弃,1,97.78,261,4,0.01,P4-不主动触达，仅大促被动覆盖
U007482,流失低潜,2,97.65,346,4,0.03,P4-季度触达+大促通知
U003641,流失可弃,1,97.28,424,4,0.01,P4-不主动触达，仅大促被动覆盖
U005538,流失低潜,2,96.80,191,4,0.03,P4-季度触达+大促通知
U000397,流失可弃,1,96.56,297,4,0.01,P4-不主动触达，仅大促被动覆盖
U006261,流失可弃,1,95.98,328,4,0.01,P4-不主动触达，仅大促被动覆盖
U009924,流失可弃,1,95.81,496,4,0.01,P4-不主动触达，仅大促被动覆盖
U005943,流失可弃,1,95.66,276,4,0.01,P4-不主动触达，仅大促被动覆盖
U007338,流失可弃,1,95.02,377,4,0.01,P4-不主动触达，仅大促被动覆盖
U000875,流失可弃,1,94.35,427,4,0.01,P4-不主动触达，仅大促被动覆盖
U003073,流失可弃,1,92.48,553,4,0.01,P4-不主动触达，仅大促被动覆盖
U005496,流失可弃,1,90.57,257,4,0.01,P4-不主动触达，仅大促被动覆盖
U005302,流失可弃,1,90.37,197,4,0.01,P4-不主动触达，仅大促被动覆盖
U008673,流失可弃,1,88.96,194,4,0.01,P4-不主动触达，仅大促被动覆盖
U004064,流失可弃,1,87.06,232,4,0.01,P4-不主动触达，仅大促被动覆盖
U005320,流失可弃,1,85.78,372,4,0.01,P4-不主动触达，仅大促被动覆盖
U006235,流失可弃,1,85.20,213,4,0.01,P4-不主动触达，仅大促被动覆盖
U001067,流失可弃,1,84.98,183,4,0.01,P4-不主动触达，仅大促被动覆盖
U005835,流失可弃,1,84.48,225,4,0.01,P4-不主动触达，仅大促被动覆盖
U005967,流失可弃,1,84.48,332,4,0.01,P4-不主动触达，仅大促被动覆盖
U007091,流失可弃,1,83.60,483,4,0.01,P4-不主动触达，仅大促被动覆盖
U009449,流失低潜,2,83.46,184,4,0.03,P4-季度触达+大促通知
U000539,流失可弃,1,83.11,222,4,0.01,P4-不主动触达，仅大促被动覆盖
U001245,流失可弃,1,82.96,233,4,0.01,P4-不主动触达，仅大促被动覆盖
U007574,流失可弃,1,81.49,182,4,0.01,P4-不主动触达，仅大促被动覆盖
U000983,流失可弃,1,81.16,449,4,0.01,P4-不主动触达，仅大促被动覆盖
U005049,流失可弃,1,80.66,361,4,0.01,P4-不主动触达，仅大促被动覆盖
U002621,流失可弃,1,80.56,328,4,0.01,P4-不主动触达，仅大促被动覆盖
U009875,流失可弃,1,79.92,397,4,0.01,P4-不主动触达，仅大促被动覆盖
U001269,流失可弃,1,78.11,407,4,0.01,P4-不主动触达，仅大促被动覆盖
U001455,流失可弃,1,77.84,271,4,0.01,P4-不主动触达，仅大促被动覆盖
U003900,流失可弃,1,77.46,311,4,0.01,P4-不主动触达，仅大促被动覆盖
U003326,流失低潜,2,77.08,219,4,0.03,P4-季度触达+大促通知
U002485,流失可弃,1,76.59,264,4,0.01,P4-不主动触达，仅大促被动覆盖
U007679,流失可弃,1,75.93,352,4,0.01,P4-不主动触达，仅大促被动覆盖
U007900,流失可弃,1,75.81,554,4,0.01,P4-不主动触达，仅大促被动覆盖
U007596,流失可弃,1,74.56,265,4,0.01,P4-不主动触达，仅大促被动覆盖
U002855,流失可弃,1,74.32,352,4,0.01,P4-不主动触达，仅大促被动覆盖
U002862,流失可弃,1,73.64,339,4,0.01,P4-不主动触达，仅大促被动覆盖
U005957,流失可弃,1,73.56,308,4,0.01,P4-不主动触达，仅大促被动覆盖
U002866,流失可弃,1,72.84,253,4,0.01,P4-不主动触达，仅大促被动覆盖
U009314,流失可弃,1,72.49,215,4,0.01,P4-不主动触达，仅大促被动覆盖
U000803,流失可弃,1,72.33,558,4,0.01,P4-不主动触达，仅大促被动覆盖
U000642,流失可弃,1,71.86,189,4,0.01,P4-不主动触达，仅大促被动覆盖
U000879,流失可弃,1,71.59,420,4,0.01,P4-不主动触达，仅大促被动覆盖
U000215,流失可弃,1,70.68,233,4,0.01,P4-不主动触达，仅大促被动覆盖
U004104,流失可弃,1,70.49,490,4,0.01,P4-不主动触达，仅大促被动覆盖
U001660,流失可弃,1,70.39,313,4,0.01,P4-不主动触达，仅大促被动覆盖
U005902,流失可弃,1,70.33,205,4,0.01,P4-不主动触达，仅大促被动覆盖
U003840,流失可弃,1,70.20,357,4,0.01,P4-不主动触达，仅大促被动覆盖
U002768,流失可弃,1,69.68,448,4,0.01,P4-不主动触达，仅大促被动覆盖
U005602,流失可弃,1,69.68,468,4,0.01,P4-不主动触达，仅大促被动覆盖
U003254,流失可弃,1,69.54,295,4,0.01,P4-不主动触达，仅大促被动覆盖
U003307,流失低潜,2,69.19,228,4,0.03,P4-季度触达+大促通知
U005680,流失可弃,1,68.69,506,4,0.01,P4-不主动触达，仅大促被动覆盖
U007251,流失可弃,1,67.42,187,4,0.01,P4-不主动触达，仅大促被动覆盖
U008646,流失可弃,1,67.32,463,4,0.01,P4-不主动触达，仅大促被动覆盖
U009174,流失可弃,1,66.97,197,4,0.01,P4-不主动触达，仅大促被动覆盖
U005481,流失可弃,1,66.75,360,4,0.01,P4-不主动触达，仅大促被动覆盖
U006134,流失可弃,1,66.45,416,4,0.01,P4-不主动触达，仅大促被动覆盖
U003164,流失可弃,1,66.11,289,4,0.01,P4-不主动触达，仅大促被动覆盖
U002845,流失可弃,1,62.96,202,4,0.01,P4-不主动触达，仅大促被动覆盖
U006979,流失可弃,1,62.47,311,4,0.01,P4-不主动触达，仅大促被动覆盖
U003917,流失可弃,1,61.86,570,4,0.01,P4-不主动触达，仅大促被动覆盖
U003100,流失可弃,1,61.11,370,4,0.01,P4-不主动触达，仅大促被动覆盖
U004664,流失可弃,1,60.63,407,4,0.01,P4-不主动触达，仅大促被动覆盖
U004244,流失可弃,1,60.29,513,4,0.01,P4-不主动触达，仅大促被动覆盖
U001424,流失可弃,1,59.25,474,4,0.01,P4-不主动触达，仅大促被动覆盖
U004361,流失可弃,1,57.36,669,4,0.01,P4-不主动触达，仅大促被动覆盖
U007656,流失可弃,1,56.79,515,4,0.01,P4-不主动触达，仅大促被动覆盖
U007244,流失可弃,1,56.44,362,4,0.01,P4-不主动触达，仅大促被动覆盖
U003676,流失可弃,1,56.18,208,4,0.01,P4-不主动触达，仅大促被动覆盖
U005797,流失可弃,1,54.83,269,4,0.01,P4-不主动触达，仅大促被动覆盖
U008015,流失可弃,1,54.74,408,4,0.01,P4-不主动触达，仅大促被动覆盖
U001368,流失可弃,1,54.55,359,4,0.01,P4-不主动触达，仅大促被动覆盖
U005266,流失可弃,1,53.80,420,4,0.01,P4-不主动触达，仅大促被动覆盖
U002015,流失可弃,1,53.26,432,4,0.01,P4-不主动触达，仅大促被动覆盖
U006772,流失可弃,1,52.93,273,4,0.01,P4-不主动触达，仅大促被动覆盖
U005425,流失可弃,1,52.41,254,4,0.01,P4-不主动触达，仅大促被动覆盖
U000985,流失可弃,1,52.33,235,4,0.01,P4-不主动触达，仅大促被动覆盖
U006351,流失可弃,1,52.33,356,4,0.01,P4-不主动触达，仅大促被动覆盖
U005123,流失可弃,1,52.14,188,4,0.01,P4-不主动触达，仅大促被动覆盖
U007077,流失可弃,1,52.00,403,4,0.01,P4-不主动触达，仅大促被动覆盖
U009598,流失可弃,1,51.95,273,4,0.01,P4-不主动触达，仅大促被动覆盖
U003992,流失可弃,1,51.52,236,4,0.01,P4-不主动触达，仅大促被动覆盖
U008233,流失可弃,1,51.46,438,4,0.01,P4-不主动触达，仅大促被动覆盖
U008538,流失可弃,1,51.04,581,4,0.01,P4-不主动触达，仅大促被动覆盖
U006604,流失可弃,1,50.64,270,4,0.01,P4-不主动触达，仅大促被动覆盖
U003486,流失可弃,1,50.17,262,4,0.01,P4-不主动触达，仅大促被动覆盖
U008359,流失可弃,1,49.87,288,4,0.01,P4-不主动触达，仅大促被动覆盖
U003432,流失可弃,1,49.84,472,4,0.01,P4-不主动触达，仅大促被动覆盖
U007214,流失可弃,1,49.66,456,4,0.01,P4-不主动触达，仅大促被动覆盖
U008962,流失可弃,1,48.72,364,4,0.01,P4-不主动触达，仅大促被动覆盖
U008979,流失可弃,1,47.75,447,4,0.01,P4-不主动触达，仅大促被动覆盖
U007434,流失可弃,1,47.18,365,4,0.01,P4-不主动触达，仅大促被动覆盖
U005628,流失可弃,1,46.89,186,4,0.01,P4-不主动触达，仅大促被动覆盖
U008797,流失可弃,1,46.81,331,4,0.01,P4-不主动触达，仅大促被动覆盖
U003050,流失可弃,1,45.10,394,4,0.01,P4-不主动触达，仅大促被动覆盖
U006983,流失可弃,1,44.42,197,4,0.01,P4-不主动触达，仅大促被动覆盖
U005367,流失可弃,1,44.40,384,4,0.01,P4-不主动触达，仅大促被动覆盖
U007874,流失可弃,1,44.38,242,4,0.01,P4-不主动触达，仅大促被动覆盖
U009043,流失可弃,1,43.64,513,4,0.01,P4-不主动触达，仅大促被动覆盖
U000180,流失可弃,1,43.35,239,4,0.01,P4-不主动触达，仅大促被动覆盖
U006426,流失可弃,1,43.13,386,4,0.01,P4-不主动触达，仅大促被动覆盖
U000437,流失可弃,1,42.19,192,4,0.01,P4-不主动触达，仅大促被动覆盖
U000156,流失可弃,1,41.57,297,4,0.01,P4-不主动触达，仅大促被动覆盖
U002383,流失可弃,1,41.54,659,4,0.01,P4-不主动触达，仅大促被动覆盖
U001010,流失可弃,1,41.44,328,4,0.01,P4-不主动触达，仅大促被动覆盖
U001266,流失可弃,1,40.84,464,4,0.01,P4-不主动触达，仅大促被动覆盖
U003931,流失可弃,1,40.70,280,4,0.01,P4-不主动触达，仅大促被动覆盖
U002725,流失可弃,1,40.54,453,4,0.01,P4-不主动触达，仅大促被动覆盖
U006436,流失可弃,1,39.02,452,4,0.01,P4-不主动触达，仅大促被动覆盖
U006020,流失可弃,1,38.80,320,4,0.01,P4-不主动触达，仅大促被动覆盖
U003983,流失可弃,1,38.32,471,4,0.01,P4-不主动触达，仅大促被动覆盖
U007872,流失可弃,1,38.18,207,4,0.01,P4-不主动触达，仅大促被动覆盖
U003268,流失可弃,1,37.22,423,4,0.01,P4-不主动触达，仅大促被动覆盖
U002436,流失可弃,1,36.92,209,4,0.01,P4-不主动触达，仅大促被动覆盖
U003223,流失可弃,1,36.92,338,4,0.01,P4-不主动触达，仅大促被动覆盖
U005859,流失可弃,1,36.52,321,4,0.01,P4-不主动触达，仅大促被动覆盖
U003344,流失可弃,1,36.34,287,4,0.01,P4-不主动触达，仅大促被动覆盖
U002157,流失可弃,1,35.82,448,4,0.01,P4-不主动触达，仅大促被动覆盖
U007879,流失可弃,1,34.78,331,4,0.01,P4-不主动触达，仅大促被动覆盖
U003699,流失可弃,1,34.10,305,4,0.01,P4-不主动触达，仅大促被动覆盖
U007783,流失可弃,1,32.73,191,4,0.01,P4-不主动触达，仅大促被动覆盖
U007443,流失可弃,1,32.16,317,4,0.01,P4-不主动触达，仅大促被动覆盖
U005121,流失可弃,1,32.02,241,4,0.01,P4-不主动触达，仅大促被动覆盖
U002431,流失可弃,1,31.44,399,4,0.01,P4-不主动触达，仅大促被动覆盖
U004830,流失可弃,1,30.76,270,4,0.01,P4-不主动触达，仅大促被动覆盖
U002897,流失可弃,1,30.10,184,4,0.01,P4-不主动触达，仅大促被动覆盖
U009561,流失可弃,1,29.90,300,4,0.01,P4-不主动触达，仅大促被动覆盖
U002882,流失可弃,1,29.87,259,4,0.01,P4-不主动触达，仅大促被动覆盖
U001626,流失可弃,1,29.34,444,4,0.01,P4-不主动触达，仅大促被动覆盖
U008706,流失可弃,1,29.34,355,4,0.01,P4-不主动触达，仅大促被动覆盖
U009946,流失可弃,1,29.24,380,4,0.01,P4-不主动触达，仅大促被动覆盖
U004630,流失可弃,1,28.04,274,4,0.01,P4-不主动触达，仅大促被动覆盖
U000651,流失可弃,1,27.81,252,4,0.01,P4-不主动触达，仅大促被动覆盖
U000038,流失可弃,1,27.24,313,4,0.01,P4-不主动触达，仅大促被动覆盖
U008255,流失可弃,1,26.74,223,4,0.01,P4-不主动触达，仅大促被动覆盖
U002696,流失可弃,1,25.97,277,4,0.01,P4-不主动触达，仅大促被动覆盖
U005692,流失可弃,1,25.48,228,4,0.01,P4-不主动触达，仅大促被动覆盖
U003329,流失可弃,1,25.41,568,4,0.01,P4-不主动触达，仅大促被动覆盖
U003168,流失可弃,1,24.98,527,4,0.01,P4-不主动触达，仅大促被动覆盖
U004732,流失可弃,1,24.37,253,4,0.01,P4-不主动触达，仅大促被动覆盖
U003672,流失可弃,1,24.11,307,4,0.01,P4-不主动触达，仅大促被动覆盖
U008747,流失可弃,1,23.71,313,4,0.01,P4-不主动触达，仅大促被动覆盖
U007903,流失可弃,1,23.38,362,4,0.01,P4-不主动触达，仅大促被动覆盖
U006343,流失可弃,1,23.37,432,4,0.01,P4-不主动触达，仅大促被动覆盖
U009390,流失可弃,1,22.55,489,4,0.01,P4-不主动触达，仅大促被动覆盖
U004020,流失可弃,1,22.36,339,4,0.01,P4-不主动触达，仅大促被动覆盖
U000636,流失可弃,1,21.74,305,4,0.01,P4-不主动触达，仅大促被动覆盖
U009009,流失可弃,1,21.71,276,4,0.01,P4-不主动触达，仅大促被动覆盖
U008869,流失可弃,1,21.52,307,4,0.01,P4-不主动触达，仅大促被动覆盖
U009568,流失可弃,1,21.52,353,4,0.01,P4-不主动触达，仅大促被动覆盖
U000767,流失可弃,1,20.94,250,4,0.01,P4-不主动触达，仅大促被动覆盖
U007522,流失可弃,1,20.84,401,4,0.01,P4-不主动触达，仅大促被动覆盖
U002397,流失可弃,1,20.70,455,4,0.01,P4-不主动触达，仅大促被动覆盖
U007878,流失可弃,1,19.77,221,4,0.01,P4-不主动触达，仅大促被动覆盖
U009705,流失可弃,1,19.77,370,4,0.01,P4-不主动触达，仅大促被动覆盖
U007072,流失可弃,1,18.38,350,4,0.01,P4-不主动触达，仅大促被动覆盖
U000747,流失可弃,1,18.31,524,4,0.01,P4-不主动触达，仅大促被动覆盖
U003306,流失可弃,1,17.96,244,4,0.01,P4-不主动触达，仅大促被动覆盖
U007102,流失可弃,1,17.96,241,4,0.01,P4-不主动触达，仅大促被动覆盖
U005932,流失可弃,1,16.62,381,4,0.01,P4-不主动触达，仅大促被动覆盖
U003286,流失可弃,1,15.87,277,4,0.01,P4-不主动触达，仅大促被动覆盖
U006294,流失可弃,1,15.87,232,4,0.01,P4-不主动触达，仅大促被动覆盖
U004067,流失可弃,1,15.79,571,4,0.01,P4-不主动触达，仅大促被动覆盖
U006743,流失可弃,1,14.59,252,4,0.01,P4-不主动触达，仅大促被动覆盖
U001470,流失可弃,1,14.09,553,4,0.01,P4-不主动触达，仅大促被动覆盖
U009141,流失可弃,1,13.54,313,4,0.01,P4-不主动触达，仅大促被动覆盖
U001117,流失可弃,1,12.40,412,4,0.01,P4-不主动触达，仅大促被动覆盖
U002136,流失可弃,1,12.34,606,4,0.01,P4-不主动触达，仅大促被动覆盖
U007294,流失可弃,1,11.44,443,4,0.01,P4-不主动触达，仅大促被动覆盖
U007915,流失可弃,1,11.15,447,4,0.01,P4-不主动触达，仅大促被动覆盖
U000323,流失可弃,1,10.71,459,4,0.01,P4-不主动触达，仅大促被动覆盖
U001956,流失可弃,1,10.52,395,4,0.01,P4-不主动触达，仅大促被动覆盖
U005164,流失可弃,1,10.29,240,4,0.01,P4-不主动触达，仅大促被动覆盖
U007369,流失可弃,1,9.97,364,4,0.01,P4-不主动触达，仅大促被动覆盖
U005419,流失可弃,1,8.24,311,4,0.01,P4-不主动触达，仅大促被动覆盖
U002259,流失可弃,1,6.79,389,4,0.01,P4-不主动触达，仅大促被动覆盖
U008313,流失可弃,1,5.74,470,4,0.01,P4-不主动触达，仅大促被动覆盖
U001341,流失可弃,1,3.69,345,4,0.01,P4-不主动触达，仅大促被动覆盖
U003792,流失可弃,1,1.11,287,4,0.01,P4-不主动触达，仅大促被动覆盖
