user_id,gender,city,segment_operation
U000003,Male,Curtisfurt,核心高价值忠诚用户
U000010,Male,Jamesmouth,流失低潜
U000019,Male,South Jessicaville,唤醒普通
U000022,Other,Mitchellside,流失低潜
U000031,Female,New Barry,流失低潜
U000037,Male,Reedmouth,唤醒普通
U000038,Other,West Ryan,流失可弃
U000044,Female,Robinsonhaven,普通新客
U000066,Male,Garciatown,普通新客
U000078,Female,Cindyfort,高潜新客
U000082,Female,Sarahhaven,至尊VIP
U000083,Female,Reedside,流失低潜
U000085,Other,South Tammie,至尊VIP
U000086,Female,Smithberg,唤醒普通
U000087,Other,Santosmouth,流失低潜
U000097,Male,Coffeyport,至尊VIP
U000102,Other,Penafort,唤醒普通
U000107,Male,South Shanestad,唤醒普通
U000111,Female,Mariafurt,流失低潜
U000123,Female,Richardbury,流失低潜
U000127,Male,Laurashire,唤醒普通
U000137,Female,West Erika,普通新客
U000141,Female,Laceyberg,普通新客
U000149,Female,Sarahhaven,唤醒普通
U000154,Other,Lake Danastad,唤醒普通
U000156,Other,Hinesshire,流失可弃
U000160,Other,Port Michael,流失低潜
U000161,Other,Tannerside,唤醒高潜
U000166,Other,Meganshire,唤醒普通
U000167,Female,South Pamelaside,流失低潜
U000168,Male,East Scottfort,流失低潜
U000169,Female,Zacharyville,流失低潜
U000172,Female,Brandonport,唤醒普通
U000180,Male,South Warren,流失可弃
U000183,Other,Annview,至尊VIP
U000188,Female,East Robertburgh,唤醒高潜
U000192,Male,Morrisbury,核心高价值忠诚用户
U000204,Male,North Craig,普通新客
U000215,Male,South Ashley,流失可弃
U000217,Other,Port Adamberg,至尊VIP
U000218,Other,Hopkinstown,普通新客
U000219,Female,Drakeburgh,唤醒普通
U000220,Male,Lauraland,流失低潜
U000232,Other,Sherylfort,普通新客
U000242,Male,Matthewborough,流失低潜
U000245,Male,South Brittany,至尊VIP
U000250,Male,West Megan,流失可弃
U000253,Female,West Kimberlystad,流失低潜
U000255,Other,Port Joan,唤醒普通
U000261,Other,Melissaside,唤醒普通
U000264,Other,Erikview,活跃复购潜力用户
U000276,Female,East Christopherchester,流失低潜
U000299,Female,North Paula,活跃复购潜力用户
U000302,Female,New Stacy,唤醒普通
U000303,Other,New Jeffery,普通新客
U000307,Other,East Carriebury,唤醒普通
U000309,Male,West Jonathanville,唤醒普通
U000311,Male,Andrewview,流失可弃
U000317,Male,Anneberg,流失低潜
U000321,Female,Luisland,流失高潜用户
U000322,Female,Rodriguezberg,流失高潜用户
U000323,Female,Mikaylastad,流失可弃
U000332,Male,East Johnnyport,流失低潜
U000337,Other,Jessicabury,流失低潜
U000338,Other,Connorberg,普通新客
U000367,Male,Port Jennifer,唤醒普通
U000368,Female,Summersborough,唤醒高潜
U000371,Other,West Raymond,普通新客
U000372,Other,Meganside,唤醒普通
U000375,Male,East Josephburgh,流失高潜用户
U000379,Male,West Shane,高潜新客
U000384,Other,Moonville,流失低潜
U000386,Female,Port Gina,至尊VIP
U000391,Other,West Erica,唤醒普通
U000394,Male,Newmanland,流失低潜
U000396,Male,Lindseychester,唤醒普通
U000397,Other,Nataliemouth,流失可弃
U000412,Other,Serranoville,流失低潜
U000429,Male,Jefferyshire,唤醒普通
U000435,Female,Haynesstad,唤醒普通
U000436,Other,Lindaside,至尊VIP
U000437,Female,Taylorhaven,流失可弃
U000441,Other,Stevenberg,流失低潜
U000455,Female,Steventon,流失低潜
U000458,Male,West Timothyport,至尊VIP
U000471,Female,Port Daniellestad,流失低潜
U000475,Male,Port Lynnview,流失低潜
U000494,Female,East Denise,至尊VIP
U000514,Male,Taylorview,活跃复购潜力用户
U000522,Other,Marymouth,流失低潜
U000524,Other,Gregorystad,流失低潜
U000530,Male,East Charles,流失低潜
U000533,Male,Davisport,唤醒普通
U000535,Other,West Timothyburgh,流失低潜
U000539,Female,Angelamouth,流失可弃
U000540,Female,Troyton,流失低潜
U000542,Other,Veronicashire,流失低潜
U000545,Other,Maryberg,流失高潜用户
U000546,Male,Barrettberg,至尊VIP
U000562,Male,Jamestown,流失低潜
U000564,Female,Stevenland,唤醒普通
U000567,Other,South Jenniferville,至尊VIP
U000568,Male,North Elizabethview,流失低潜
U000571,Other,Deborahburgh,流失低潜
U000594,Female,Hodgeshire,普通新客
U000597,Female,Harveystad,唤醒普通
U000605,Other,Lake Amanda,唤醒普通
U000606,Male,South Jorge,流失低潜
U000607,Other,New Kevin,唤醒普通
U000623,Male,North Jeffery,流失高潜用户
U000625,Male,East Davidberg,普通新客
U000628,Male,Port Julie,唤醒普通
U000631,Male,South Daniel,唤醒普通
U000636,Male,Katelynfurt,流失可弃
U000642,Male,South Joseshire,流失可弃
U000651,Other,Lewismouth,流失可弃
U000669,Other,Waltershire,流失低潜
U000671,Other,North Jenniferchester,流失低潜
U000676,Female,North Jonfurt,流失低潜
U000677,Female,Conradmouth,普通新客
U000685,Female,Marcuston,流失低潜
U000687,Male,Rebeccaberg,唤醒普通
U000688,Other,Annachester,流失低潜
U000695,Male,Meltonfort,唤醒高潜
U000705,Female,North Michaelview,流失可弃
U000713,Female,Brownton,流失高潜用户
U000716,Other,Roweport,流失低潜
U000728,Other,Contrerasberg,普通新客
U000731,Male,North Joshua,普通新客
U000732,Female,Richardton,唤醒普通
U000747,Other,East Tina,流失可弃
U000753,Other,Rosariobury,流失可弃
U000763,Female,Jaimefort,唤醒普通
U000765,Male,Lake Jerry,唤醒普通
U000767,Female,Bradleytown,流失可弃
U000774,Female,Biancashire,唤醒普通
U000778,Male,Port Joshuabury,至尊VIP
U000779,Female,Julieview,流失低潜
U000782,Male,South Kayla,普通新客
U000784,Male,Marktown,唤醒高潜
U000788,Male,Mooreville,流失低潜
U000793,Female,South Hollyton,流失低潜
U000795,Male,Jamesfurt,流失高潜用户
U000797,Male,Port Andrew,流失低潜
U000801,Female,Lake Gary,唤醒高潜
U000803,Other,Lake Lisastad,流失可弃
U000809,Female,Port Jessica,流失低潜
U000811,Other,East Christopher,唤醒普通
U000815,Other,Torresport,唤醒普通
U000817,Female,Dyerville,普通新客
U000823,Other,Smithland,唤醒普通
U000824,Male,Lake Dennis,普通新客
U000827,Female,North Jasontown,唤醒普通
U000833,Female,Carterborough,唤醒普通
U000840,Other,New Elizabeth,流失低潜
U000846,Female,Port Sarahport,普通新客
U000856,Other,North Tinahaven,唤醒普通
U000861,Female,South Lorraine,普通新客
U000875,Other,Gonzalezhaven,流失可弃
U000878,Male,Mannington,流失低潜
U000879,Female,West Karen,流失可弃
U000889,Other,East Janet,唤醒普通
U000906,Female,New Oliviachester,唤醒普通
U000909,Male,Carolchester,唤醒高潜
U000912,Female,Luischester,流失低潜
U000916,Other,North Suzanne,流失低潜
U000918,Female,Port Ian,流失低潜
U000921,Other,Spenceberg,普通新客
U000927,Female,New Lindseyberg,唤醒普通
U000930,Female,Allenland,唤醒普通
U000932,Female,Scottfort,至尊VIP
U000936,Male,Sawyerland,唤醒普通
U000938,Male,West Shawnside,流失低潜
U000941,Other,Port Brian,至尊VIP
U000968,Female,Brendaport,唤醒普通
U000975,Other,Cummingsview,流失低潜
U000979,Female,East Brandy,唤醒普通
U000983,Female,Port William,流失可弃
U000985,Male,East Allenmouth,流失可弃
U000986,Male,West Ryanberg,至尊VIP
U000998,Male,West Renee,流失低潜
U001006,Male,East Alishamouth,流失低潜
U001008,Female,Brianfurt,流失低潜
U001010,Female,Lake Jamieberg,流失可弃
U001016,Other,Austinmouth,唤醒高潜
U001018,Other,Stephenberg,流失低潜
U001021,Male,Morrisbury,流失高潜用户
U001024,Female,Jeremiahburgh,流失低潜
U001032,Male,West Tinachester,唤醒高潜
U001044,Female,Sandraview,流失低潜
U001050,Female,Whiteview,唤醒普通
U001052,Other,Theresatown,唤醒高潜
U001054,Male,North Mark,唤醒高潜
U001061,Female,New Jorge,唤醒普通
U001067,Other,East Kennethmouth,流失可弃
U001068,Other,East Bobby,流失低潜
U001078,Female,Lake Michael,流失低潜
U001079,Other,Harperside,唤醒普通
U001090,Female,West Joshuaborough,唤醒普通
U001094,Other,North Donald,流失低潜
U001098,Other,South Tylerhaven,唤醒普通
U001099,Female,Jenniferview,唤醒普通
U001101,Male,West Robertberg,唤醒普通
U001117,Female,East Mandyhaven,流失可弃
U001123,Female,Port Brendaberg,唤醒普通
U001131,Female,Fostermouth,流失低潜
U001132,Male,Davisbury,流失可弃
U001137,Female,Larryfort,普通新客
U001138,Other,Drakestad,流失低潜
U001142,Female,South Juanville,唤醒高潜
U001144,Male,Wrightland,流失低潜
U001145,Male,Barkerbury,流失可弃
U001163,Other,West Calvin,流失低潜
U001170,Male,Ashleyton,唤醒普通
U001175,Male,West Charlotte,流失低潜
U001180,Female,East Timothymouth,普通新客
U001181,Other,Callahanville,唤醒普通
U001182,Female,Travisburgh,唤醒普通
U001192,Male,Wattsfort,高潜新客
U001193,Female,Samuelport,唤醒普通
U001202,Female,Patriciashire,普通新客
U001204,Female,East Kelsey,流失高潜用户
U001205,Male,South Brandon,唤醒普通
U001210,Other,Farmerton,流失低潜
U001225,Other,Lake Julie,普通新客
U001229,Male,Port Robertberg,高潜新客
U001245,Other,East Clarencefurt,流失可弃
U001254,Male,Padillaberg,唤醒普通
U001256,Other,New Brycechester,流失可弃
U001266,Male,Brianfort,流失可弃
U001269,Other,Torresport,流失可弃
U001271,Female,Rodgershaven,流失低潜
U001277,Other,Jonesside,流失低潜
U001288,Other,South Lindaberg,流失低潜
U001293,Other,South Andrew,唤醒高潜
U001303,Male,Tinatown,流失低潜
U001309,Male,Welchmouth,流失高潜用户
U001311,Male,South Lisa,普通新客
U001316,Other,New Josemouth,唤醒普通
U001325,Female,Haleymouth,普通新客
U001337,Other,Port Michaelstad,唤醒普通
U001341,Other,Johnsonchester,流失可弃
U001351,Other,Lake Julietown,高潜新客
U001356,Female,Hooverside,流失低潜
U001357,Male,New Richard,普通新客
U001360,Female,Port Heather,普通新客
U001363,Other,Lake Aaron,普通新客
U001368,Female,Barkerstad,流失可弃
U001373,Male,Tuckertown,唤醒普通
U001377,Female,North Fernandoshire,流失低潜
U001381,Other,East Elizabethhaven,唤醒普通
U001383,Other,Peterbury,唤醒高潜
U001394,Male,Port Chadville,普通新客
U001397,Female,Lisaville,普通新客
U001398,Other,Danielbury,流失低潜
U001408,Male,East Andre,流失低潜
U001423,Other,Douglasborough,普通新客
U001424,Female,South Ashley,流失可弃
U001431,Female,Port Leeton,流失低潜
U001432,Female,West Joefort,核心高价值忠诚用户
U001434,Other,Vasquezland,流失低潜
U001435,Other,East Kellystad,普通新客
U001438,Female,South Catherineport,流失低潜
U001440,Female,Lake Eric,唤醒普通
U001454,Female,Gregoryborough,流失低潜
U001455,Other,Garyport,流失可弃
U001465,Male,Elizabethberg,至尊VIP
U001470,Female,North Patriciaton,流失可弃
U001471,Female,Garyshire,普通新客
U001474,Other,Beltranchester,至尊VIP
U001476,Other,Lake Johnton,唤醒普通
U001492,Male,New David,唤醒高潜
U001502,Female,Fostershire,流失高潜用户
U001509,Male,New Elizabeth,高潜新客
U001512,Other,Hernandezview,流失低潜
U001530,Other,Port Carla,唤醒普通
U001537,Male,Port Veronica,唤醒普通
U001544,Male,Wangshire,唤醒普通
U001550,Male,Petersonside,普通新客
U001551,Male,Claytonside,唤醒普通
U001554,Other,South Karen,流失低潜
U001565,Other,Brandonfurt,活跃复购潜力用户
U001570,Other,South Kristenshire,流失低潜
U001572,Female,North Donna,唤醒普通
U001579,Female,North Sarah,唤醒普通
U001585,Male,Jacobbury,高潜新客
U001594,Other,New Josephberg,高潜新客
U001604,Other,Colemouth,高潜新客
U001609,Male,Juliestad,流失低潜
U001614,Male,Joelside,流失可弃
U001626,Female,North Jared,流失可弃
U001627,Female,North Darius,流失低潜
U001628,Other,North Christinaton,唤醒普通
U001644,Other,Taraview,流失低潜
U001653,Female,South Justin,唤醒普通
U001660,Female,Samueltown,流失可弃
U001666,Male,Milesport,流失低潜
U001668,Female,Port Crystal,唤醒高潜
U001679,Other,North Davidberg,高潜新客
U001687,Other,Jackieton,至尊VIP
U001695,Female,West Tonya,普通新客
U001698,Male,South Samuelfurt,流失低潜
U001703,Male,Jonathanstad,唤醒普通
U001708,Male,East Marie,至尊VIP
U001713,Female,New Keith,唤醒普通
U001714,Female,East Leslie,流失低潜
U001719,Other,Barnesborough,唤醒高潜
U001722,Other,Mosleytown,唤醒高潜
U001731,Female,New Frank,唤醒普通
U001736,Other,Erintown,流失低潜
U001739,Female,New Laurahaven,至尊VIP
U001741,Other,Staffordborough,唤醒普通
U001746,Female,Christopherfurt,唤醒普通
U001759,Male,South Vincent,活跃复购潜力用户
U001762,Male,Whiteville,至尊VIP
U001782,Male,South Felicialand,普通新客
U001799,Male,West Kimberly,流失低潜
U001802,Female,New Debbieville,流失低潜
U001804,Other,Greenfort,唤醒普通
U001810,Male,North James,流失低潜
U001817,Female,Lake Christopher,高潜新客
U001824,Male,New Kristenfurt,普通新客
U001836,Male,South Lisafurt,唤醒普通
U001838,Male,South Scott,流失低潜
U001839,Female,North Heather,普通新客
U001840,Male,Craigchester,唤醒普通
U001853,Other,North Michaela,流失高潜用户
U001857,Other,East Jeremystad,普通新客
U001864,Female,Olsenchester,流失低潜
U001871,Female,Port Crystalbury,流失低潜
U001881,Male,Lake Ricky,流失可弃
U001882,Other,Cindytown,高潜新客
U001885,Other,Nicholsfurt,唤醒普通
U001886,Other,South Kyleport,唤醒普通
U001890,Other,West Jessicahaven,唤醒普通
U001893,Female,Lake Evan,普通新客
U001909,Other,South Stevenport,流失可弃
U001915,Female,Lake Michaelfurt,唤醒普通
U001919,Male,Hillmouth,唤醒普通
U001925,Female,North Sarah,流失低潜
U001926,Other,Bartonside,至尊VIP
U001927,Other,Donaldmouth,唤醒普通
U001956,Other,Johnton,流失可弃
U001973,Female,Lake Peter,活跃复购潜力用户
U001974,Other,Lauraburgh,流失低潜
U001976,Male,Bensonburgh,流失低潜
U001977,Female,Barrychester,普通新客
U001988,Female,East Lindaside,流失低潜
U001992,Other,Port James,至尊VIP
U002001,Male,Heathermouth,流失低潜
U002002,Male,Lindatown,流失低潜
U002004,Other,North Brianberg,唤醒普通
U002011,Female,East Tonya,流失低潜
U002012,Other,Lake Rebeccaside,普通新客
U002015,Female,West Jimmy,流失可弃
U002020,Male,East Lawrence,唤醒普通
U002021,Other,North Edward,流失低潜
U002026,Female,Jamesview,唤醒普通
U002028,Other,North Yvonne,流失低潜
U002032,Female,Lake Davidborough,流失低潜
U002040,Female,Lake Darrellchester,流失低潜
U002047,Other,Wrightmouth,普通新客
U002049,Male,Ericton,流失低潜
U002050,Female,Ryanstad,唤醒普通
U002053,Female,Loriport,唤醒普通
U002075,Male,Cindyshire,普通新客
U002080,Male,New Nicolebury,流失低潜
U002082,Female,Andersonside,流失低潜
U002088,Female,Martinezbury,唤醒普通
U002089,Other,East Janet,流失低潜
U002102,Female,Leeland,唤醒高潜
U002104,Female,South Melissa,至尊VIP
U002115,Other,South Anita,唤醒普通
U002123,Male,West Theresastad,流失低潜
U002125,Female,New Sarahburgh,普通新客
U002128,Female,Archertown,唤醒普通
U002136,Other,North Christina,流失可弃
U002139,Other,Lake Daniel,唤醒普通
U002142,Other,Mooreberg,至尊VIP
U002149,Female,East Stephen,普通新客
U002150,Female,New Nicholas,流失可弃
U002152,Other,Erinbury,唤醒普通
U002157,Male,Fryshire,流失可弃
U002162,Other,Spearsberg,普通新客
U002166,Male,New Sarahchester,唤醒普通
U002171,Male,North Dwayne,唤醒普通
U002172,Other,South Billy,唤醒普通
U002182,Male,Morrismouth,唤醒普通
U002183,Female,West Jennifer,唤醒普通
U002184,Male,Port Kaylachester,流失低潜
U002192,Other,East Kaitlynland,流失低潜
U002199,Female,Heathermouth,唤醒普通
U002200,Male,Alyssaport,流失低潜
U002203,Female,East Jamesland,唤醒普通
U002204,Male,South Tylerville,唤醒普通
U002205,Female,East Johnmouth,唤醒普通
U002237,Other,North Robertstad,流失低潜
U002240,Other,Reyesview,唤醒高潜
U002248,Female,New John,流失低潜
U002252,Male,Rojashaven,流失低潜
U002258,Other,South Jenny,流失低潜
U002259,Other,Sheltonshire,流失可弃
U002260,Male,Brownside,流失低潜
U002271,Female,Lake Meganmouth,唤醒普通
U002279,Female,Hallhaven,核心高价值忠诚用户
U002283,Male,Amyland,唤醒普通
U002288,Female,Mannburgh,至尊VIP
U002291,Female,Stantonside,流失低潜
U002301,Male,New Jameshaven,至尊VIP
U002304,Other,Davidmouth,至尊VIP
U002310,Female,North Nathan,流失低潜
U002311,Male,Amandaborough,唤醒普通
U002312,Male,East John,唤醒普通
U002313,Male,Evansport,高潜新客
U002321,Female,Dakotafort,流失低潜
U002334,Other,Amandaville,唤醒普通
U002336,Female,Port Angelport,流失高潜用户
U002346,Other,South Candicechester,唤醒普通
U002362,Female,New Benjamin,普通新客
U002370,Female,Heathburgh,流失低潜
U002372,Other,Port Raymond,唤醒普通
U002376,Other,South Ericfort,至尊VIP
U002377,Other,North Michael,至尊VIP
U002382,Male,Michaelport,唤醒普通
U002383,Male,East Julia,流失可弃
U002388,Male,South Timothyside,唤醒普通
U002397,Male,Maddenview,流失可弃
U002417,Other,Merritthaven,唤醒普通
U002421,Male,New Mike,唤醒普通
U002427,Other,South Laura,流失低潜
U002429,Other,Solomonberg,高潜新客
U002430,Female,Lake Tamara,流失低潜
U002431,Other,Michaelshire,流失可弃
U002432,Other,Russellton,唤醒普通
U002436,Other,North Rebeccamouth,流失可弃
U002437,Female,North Williamberg,流失低潜
U002443,Female,Elizabethfurt,唤醒普通
U002446,Male,New Lorishire,至尊VIP
U002465,Female,Stanleystad,唤醒高潜
U002477,Male,Lake Tracy,流失低潜
U002478,Male,North Robertmouth,普通新客
U002484,Male,New Jesseville,普通新客
U002485,Female,Halechester,流失可弃
U002486,Other,Paulberg,唤醒普通
U002499,Female,Derrickhaven,普通新客
U002508,Female,Burkemouth,至尊VIP
U002511,Other,Christopherville,流失低潜
U002527,Male,North Ryanfort,唤醒普通
U002529,Other,Carlsonchester,唤醒普通
U002533,Female,South Emily,流失低潜
U002546,Female,Johnstad,流失低潜
U002558,Male,Markmouth,高潜新客
U002577,Female,Wallacemouth,流失可弃
U002578,Other,Christinaport,普通新客
U002587,Female,Simmonsport,流失低潜
U002603,Other,East Bryanmouth,普通新客
U002609,Other,Hendrixfurt,唤醒普通
U002617,Male,Alexanderstad,唤醒普通
U002618,Other,Lake Bethanyview,普通新客
U002621,Other,North Victoriaborough,流失可弃
U002628,Female,East Nathaniel,流失可弃
U002635,Other,Alexanderchester,普通新客
U002641,Male,South Blake,流失低潜
U002661,Other,Jenniferfurt,唤醒高潜
U002662,Female,Christinatown,至尊VIP
U002677,Female,Lake Brittanymouth,普通新客
U002683,Female,North Jeremy,流失低潜
U002685,Male,New Jenniferfort,唤醒普通
U002696,Other,Marshallchester,流失可弃
U002704,Male,Smithchester,高潜新客
U002705,Male,Caseyfort,流失低潜
U002711,Male,Christopherhaven,流失低潜
U002716,Male,Annchester,流失低潜
U002722,Other,Richardberg,流失低潜
U002725,Male,South Amanda,流失可弃
U002731,Other,Port Stevenmouth,流失高潜用户
U002733,Male,Lunabury,唤醒普通
U002747,Male,Louiston,流失低潜
U002753,Other,East Michael,流失低潜
U002757,Male,Rebeccastad,唤醒普通
U002768,Other,Mooreborough,流失可弃
U002773,Other,Clarkberg,唤醒普通
U002777,Male,Lake Annaside,唤醒普通
U002780,Female,Danielshire,至尊VIP
U002788,Female,Bobland,唤醒普通
U002814,Male,West Michaelville,至尊VIP
U002818,Female,West Marco,流失低潜
U002822,Other,Port Erinside,唤醒普通
U002832,Other,Loganstad,唤醒普通
U002834,Female,South Gary,流失高潜用户
U002841,Female,New Steven,普通新客
U002845,Female,Michaelland,流失可弃
U002847,Other,East John,唤醒高潜
U002849,Male,Port Catherinechester,流失低潜
U002855,Other,West Wesleyside,流失可弃
U002856,Female,Tylerfurt,唤醒高潜
U002859,Other,Lake Katherinefort,流失低潜
U002862,Other,North Jeanne,流失可弃
U002864,Male,Donnaburgh,活跃复购潜力用户
U002866,Other,Peterville,流失可弃
U002870,Other,Christinaport,流失低潜
U002878,Other,Davidside,唤醒高潜
U002880,Other,West Brooke,流失低潜
U002882,Male,North Robertfort,流失可弃
U002885,Other,Lake Jennifer,活跃复购潜力用户
U002897,Female,Cherryside,流失可弃
U002898,Male,Lake Nicole,唤醒普通
U002912,Male,North Christopher,唤醒普通
U002919,Female,Seanview,流失低潜
U002921,Male,Laurenland,流失低潜
U002923,Male,Heatherside,唤醒普通
U002925,Female,Morseside,唤醒高潜
U002928,Female,Rogerston,唤醒普通
U002930,Male,East Joshuaville,唤醒普通
U002935,Female,Lake David,流失低潜
U002937,Female,East Amytown,流失低潜
U002938,Female,Butlermouth,唤醒普通
U002946,Female,Lake Adrianburgh,流失低潜
U002953,Other,Juliechester,核心高价值忠诚用户
U002956,Male,Gutierrezside,唤醒普通
U002960,Other,Jonesmouth,高潜新客
U002972,Other,East Tristanport,唤醒高潜
U002980,Male,Chavezberg,唤醒普通
U002995,Male,New Daniel,唤醒高潜
U003009,Female,Stevenport,流失可弃
U003019,Male,Taraburgh,流失低潜
U003030,Female,East Samuelburgh,唤醒普通
U003046,Male,Littleton,普通新客
U003050,Female,Kristinport,流失可弃
U003051,Male,Robinsonton,高潜新客
U003052,Other,Powersbury,流失低潜
U003060,Female,Ramosshire,流失低潜
U003062,Female,New Michelleshire,唤醒普通
U003073,Female,Port Sarah,流失可弃
U003080,Other,Port Elizabeth,流失低潜
U003086,Male,Ashleestad,流失低潜
U003088,Female,South Jonathanview,流失低潜
U003092,Other,New Lindsay,唤醒普通
U003094,Other,Webbton,唤醒普通
U003095,Female,East Bryanstad,唤醒普通
U003100,Male,Sabrinabury,流失可弃
U003103,Other,East Travisshire,唤醒普通
U003124,Female,South Jose,普通新客
U003127,Male,Tinachester,至尊VIP
U003140,Female,Pollardview,唤醒普通
U003142,Female,Harrisburgh,唤醒普通
U003146,Other,Riosfurt,流失低潜
U003159,Female,Sergiostad,普通新客
U003161,Male,South Christopherside,唤醒普通
U003164,Female,Kirkstad,流失可弃
U003168,Male,Laraview,流失可弃
U003172,Other,East Michael,唤醒普通
U003177,Other,Scottfort,唤醒普通
U003182,Male,Garciamouth,流失低潜
U003183,Male,New Ashleyview,流失低潜
U003188,Other,Ashleychester,流失低潜
U003190,Other,Bakertown,流失低潜
U003196,Male,East Peter,唤醒普通
U003204,Female,Port Troy,流失低潜
U003207,Male,East Christina,唤醒普通
U003208,Other,Kathyshire,流失低潜
U003209,Other,Port Don,至尊VIP
U003221,Female,New Josephmouth,普通新客
U003223,Female,West Sheritown,流失可弃
U003227,Female,Williamchester,唤醒普通
U003229,Other,Pierceton,至尊VIP
U003230,Male,Port Patrickborough,流失低潜
U003233,Female,Roberthaven,流失低潜
U003234,Other,Caseyland,唤醒普通
U003237,Other,Hickmanton,流失高潜用户
U003242,Female,South Karl,流失高潜用户
U003247,Male,South Mary,至尊VIP
U003254,Female,Lopezside,流失可弃
U003255,Other,Hayesbury,唤醒高潜
U003263,Female,Ginamouth,普通新客
U003264,Female,Normanshire,唤醒普通
U003268,Female,Markfurt,流失可弃
U003269,Other,North Kevinfort,唤醒普通
U003273,Male,Mckenzieburgh,流失高潜用户
U003276,Male,Thomaston,唤醒高潜
U003277,Other,South Belindastad,唤醒普通
U003284,Other,New David,唤醒普通
U003286,Other,Powellport,流失可弃
U003287,Female,Bryantmouth,唤醒普通
U003289,Other,North Michael,流失高潜用户
U003295,Other,North Haileyfort,普通新客
U003306,Other,Jimenezmouth,流失可弃
U003307,Other,Port Matthewtown,流失低潜
U003310,Female,Harmonmouth,普通新客
U003314,Female,New Ericland,唤醒普通
U003316,Male,Atkinstown,唤醒普通
U003319,Female,North Jennifer,核心高价值忠诚用户
U003321,Male,Espinozamouth,流失低潜
U003326,Male,New Daniel,流失低潜
U003329,Male,Jacobstad,流失可弃
U003335,Female,Port Alexisville,至尊VIP
U003344,Male,Lake Richard,流失可弃
U003345,Male,Frankchester,唤醒普通
U003353,Male,Bakershire,流失低潜
U003360,Male,Stacieberg,流失低潜
U003361,Male,Ashleyview,唤醒普通
U003364,Other,Hughesmouth,流失低潜
U003370,Male,Shermanland,流失低潜
U003376,Other,Millerburgh,唤醒普通
U003383,Male,West Katieberg,流失低潜
U003384,Male,Rebeccaberg,唤醒普通
U003397,Male,Lake Tyroneton,流失低潜
U003400,Male,Lopezland,流失低潜
U003409,Male,Melissaberg,至尊VIP
U003413,Female,New Benjamin,唤醒普通
U003414,Other,East Lori,流失低潜
U003431,Female,Davisside,普通新客
U003432,Female,Sotobury,流失可弃
U003451,Other,Danaland,唤醒普通
U003455,Female,New Eric,普通新客
U003456,Other,South Lindashire,唤醒普通
U003458,Female,Jordanfurt,普通新客
U003468,Male,South Tammy,至尊VIP
U003470,Other,West Edwinland,流失可弃
U003476,Female,Smithfort,流失低潜
U003481,Other,South Seanville,流失低潜
U003486,Male,Hayesfort,流失可弃
U003487,Female,Donnaton,至尊VIP
U003490,Other,Fergusonland,流失低潜
U003497,Female,West Janestad,唤醒普通
U003506,Female,Nicolemouth,流失低潜
U003507,Female,East James,流失可弃
U003508,Female,Monicaberg,唤醒普通
U003520,Other,South Frederick,流失低潜
U003527,Other,Jenniferville,普通新客
U003528,Other,East Matthewchester,唤醒普通
U003530,Male,Port Georgeton,流失低潜
U003540,Male,Brianstad,普通新客
U003542,Female,West Curtisland,唤醒普通
U003544,Female,Lake Allen,流失低潜
U003547,Female,West Rachel,高潜新客
U003548,Female,South Claudia,唤醒普通
U003551,Female,South Scottville,流失可弃
U003554,Female,West Gary,流失低潜
U003555,Female,East Nicholasburgh,唤醒普通
U003556,Male,Mariastad,普通新客
U003558,Male,North Jonathanstad,活跃复购潜力用户
U003565,Other,Mcdanielhaven,唤醒普通
U003568,Male,Leechester,流失低潜
U003576,Female,Robertborough,流失高潜用户
U003584,Female,Matthewborough,至尊VIP
U003588,Other,Edwardport,流失可弃
U003591,Other,East Jacqueline,流失低潜
U003602,Male,New Sophiamouth,唤醒普通
U003610,Female,East Katelynport,流失高潜用户
U003616,Other,North Thomas,普通新客
U003618,Other,New Tara,流失低潜
U003625,Other,New Jill,流失低潜
U003636,Male,Walkerborough,流失低潜
U003641,Female,South Jamestown,流失可弃
U003644,Other,South Robertfurt,流失低潜
U003661,Female,New Luistown,流失低潜
U003669,Female,Timothymouth,普通新客
U003671,Female,Erichaven,普通新客
U003672,Male,Jacobside,流失可弃
U003676,Other,Harrisfurt,流失可弃
U003682,Female,Rhondaburgh,唤醒普通
U003684,Female,Miguelfurt,普通新客
U003687,Male,New Robert,流失低潜
U003691,Female,Deborahshire,流失低潜
U003699,Other,Lake Jamestown,流失可弃
U003700,Other,West Anthony,流失低潜
U003703,Other,West Angelaland,唤醒普通
U003711,Male,South Joshuafurt,唤醒普通
U003723,Female,Tylerville,至尊VIP
U003724,Female,Melissaport,唤醒普通
U003726,Male,South Wendyview,流失低潜
U003734,Female,Guerreroshire,核心高价值忠诚用户
U003735,Other,Heatherland,流失低潜
U003747,Other,Port Jeffreyshire,高潜新客
U003750,Other,Kellyshire,至尊VIP
U003753,Other,Griffintown,普通新客
U003755,Female,New Kenneth,唤醒普通
U003761,Male,Port Megan,流失可弃
U003765,Other,Curryland,流失可弃
U003768,Male,Lake Sara,唤醒普通
U003773,Male,East Kimberly,活跃复购潜力用户
U003776,Female,Angelaburgh,流失低潜
U003781,Other,Jessicaton,普通新客
U003782,Female,Amytown,唤醒普通
U003788,Female,Port Robert,流失低潜
U003792,Other,North Lauren,流失可弃
U003794,Female,New Joshua,至尊VIP
U003808,Other,Lauriemouth,唤醒普通
U003810,Male,Thomashaven,唤醒普通
U003811,Female,Port Jameston,流失高潜用户
U003813,Female,West Tiffanyshire,流失可弃
U003814,Female,New Austin,至尊VIP
U003820,Male,East Keithville,流失高潜用户
U003824,Other,Lake Patrickport,流失低潜
U003839,Male,Pooleberg,唤醒普通
U003840,Other,West Rachel,流失可弃
U003842,Male,Matthewland,唤醒高潜
U003844,Male,Adamfurt,唤醒普通
U003846,Female,Lake Kristaberg,流失低潜
U003847,Female,Gonzaleschester,唤醒普通
U003850,Other,Lake Markfurt,唤醒普通
U003855,Other,Toddview,唤醒普通
U003864,Male,Thompsonton,普通新客
U003870,Other,Deborahview,唤醒普通
U003874,Female,West Jacob,流失低潜
U003877,Other,New Elizabethshire,流失低潜
U003881,Other,Nicolemouth,流失低潜
U003884,Male,South Taramouth,普通新客
U003887,Male,East Jonathanville,唤醒普通
U003893,Female,East Jeremy,流失低潜
U003900,Male,Cynthiaview,流失可弃
U003903,Male,New Markfurt,流失低潜
U003905,Other,South Raymond,流失低潜
U003906,Male,North Candiceview,流失低潜
U003909,Other,Peterfort,高潜新客
U003910,Male,South Gregorymouth,流失高潜用户
U003915,Other,South Kenneth,唤醒普通
U003917,Female,Lake Jared,流失可弃
U003923,Other,Jenniferside,流失低潜
U003931,Female,Matthewbury,流失可弃
U003940,Female,Robertview,唤醒普通
U003946,Other,Morrisonland,唤醒普通
U003947,Other,Brianville,流失低潜
U003948,Other,Port Tylerland,流失低潜
U003960,Female,New Laurachester,唤醒普通
U003965,Male,Michaelmouth,流失低潜
U003973,Other,Langmouth,唤醒普通
U003983,Male,South Barbaraland,流失可弃
U003991,Other,West Jason,唤醒普通
U003992,Female,North Lisa,流失可弃
U003993,Female,North Rebecca,唤醒高潜
U003998,Other,Port Joshuafort,唤醒高潜
U003999,Other,Brianmouth,活跃复购潜力用户
U004008,Male,Caldwellchester,唤醒普通
U004020,Female,East Michaelton,流失可弃
U004025,Male,Hansenmouth,至尊VIP
U004033,Other,Kristenmouth,唤醒普通
U004034,Other,Meganton,唤醒高潜
U004035,Other,Chambersstad,流失低潜
U004037,Male,Jessicastad,流失低潜
U004039,Male,North Ashley,高潜新客
U004041,Male,East Deannaside,流失低潜
U004047,Other,Johnside,流失可弃
U004053,Male,West Jessicaburgh,流失高潜用户
U004064,Female,Mallorymouth,流失可弃
U004066,Other,Elizabethport,流失低潜
U004067,Other,South Fernandochester,流失可弃
U004069,Female,Taylorstad,唤醒普通
U004093,Female,Melodytown,流失可弃
U004098,Male,South Cassandra,唤醒高潜
U004104,Male,Port Stevenstad,流失可弃
U004117,Male,Port Christopherburgh,唤醒普通
U004125,Female,Nunezside,普通新客
U004129,Other,Tonymouth,至尊VIP
U004144,Male,Brownmouth,流失低潜
U004150,Female,South Jamesbury,高潜新客
U004151,Male,New Patricia,唤醒高潜
U004153,Other,West Michaelberg,高潜新客
U004157,Male,Johnburgh,流失低潜
U004160,Other,Port Juan,普通新客
U004163,Other,South Dustinshire,核心高价值忠诚用户
U004176,Male,North Baileybury,流失低潜
U004179,Female,Millerbury,唤醒高潜
U004180,Other,Michaelshire,唤醒普通
U004186,Male,New Lukehaven,流失低潜
U004187,Other,Bradleyport,唤醒普通
U004194,Male,North Jonathan,流失低潜
U004196,Other,Wilsonshire,流失低潜
U004210,Male,Francesberg,唤醒高潜
U004211,Male,Port Maryhaven,流失高潜用户
U004216,Male,Ruizside,流失低潜
U004224,Female,North Danielport,流失低潜
U004227,Female,North Amyhaven,高潜新客
U004231,Male,North Jose,唤醒普通
U004232,Male,New Julie,流失低潜
U004235,Other,New Charlesstad,流失低潜
U004238,Male,Alyssaland,唤醒普通
U004244,Male,New Paige,流失可弃
U004247,Other,Daniellebury,唤醒普通
U004255,Female,West Jasonview,流失低潜
U004263,Male,West Jasonfurt,唤醒普通
U004265,Male,Cathyshire,唤醒普通
U004270,Female,Hughesside,唤醒普通
U004284,Female,Olsenland,普通新客
U004287,Female,Sandersview,普通新客
U004288,Male,Tammymouth,唤醒普通
U004289,Male,Port Charlesburgh,流失高潜用户
U004298,Male,Gibsonburgh,唤醒高潜
U004304,Male,Kelseymouth,流失低潜
U004306,Female,New Veronicaborough,唤醒高潜
U004307,Female,Gabrielleshire,唤醒普通
U004324,Female,Walterview,流失低潜
U004327,Male,North Jonathan,流失低潜
U004338,Other,Erinmouth,唤醒高潜
U004345,Female,West Ericatown,至尊VIP
U004349,Other,South Jacobhaven,流失低潜
U004350,Male,New Amandastad,流失低潜
U004354,Female,Lake Kevin,流失低潜
U004360,Male,Johnsonmouth,流失低潜
U004361,Male,South Robertport,流失可弃
U004368,Male,Lake Shannonview,普通新客
U004370,Female,East Heatherbury,流失低潜
U004371,Female,New Alexis,流失低潜
U004375,Other,Grayfurt,至尊VIP
U004376,Female,Smithberg,流失高潜用户
U004383,Other,Port Chadville,唤醒普通
U004394,Female,Lake Ericborough,流失低潜
U004397,Male,Lake Richard,流失低潜
U004413,Male,Nelsonborough,流失高潜用户
U004416,Other,Wallerborough,唤醒普通
U004432,Male,Johnberg,流失低潜
U004439,Female,Zimmermanmouth,唤醒普通
U004441,Other,New Sheila,流失高潜用户
U004444,Other,New Jasmin,流失可弃
U004447,Other,Matthewfort,流失可弃
U004464,Male,West Christopherland,至尊VIP
U004465,Other,East Christopherhaven,流失低潜
U004471,Male,West Sara,唤醒普通
U004483,Other,Port Tamaraside,流失低潜
U004485,Other,Bradleyfurt,普通新客
U004502,Female,Patrickhaven,唤醒普通
U004505,Male,New Tanyaton,普通新客
U004518,Male,Lake Jenniferton,流失低潜
U004520,Male,Henryview,唤醒普通
U004522,Female,Turnermouth,普通新客
U004537,Other,North Michaelside,流失低潜
U004539,Female,West Andrewborough,至尊VIP
U004544,Male,West Katherine,高潜新客
U004547,Male,East Coltonfurt,唤醒普通
U004550,Female,Melindamouth,至尊VIP
U004555,Other,Bakerborough,流失低潜
U004557,Other,Lake Brittany,唤醒普通
U004564,Male,Port Raymond,普通新客
U004569,Female,East Jennifer,唤醒普通
U004572,Female,Heatherborough,唤醒普通
U004581,Male,North Coleport,流失可弃
U004594,Female,North Alexis,至尊VIP
U004595,Other,Shawtown,流失低潜
U004598,Other,Vazquezport,流失低潜
U004601,Male,Douglasstad,唤醒普通
U004613,Female,Matthewmouth,至尊VIP
U004614,Other,Barryton,普通新客
U004627,Other,Serranoport,至尊VIP
U004630,Other,Lake Michaelshire,流失可弃
U004631,Female,West Justinhaven,流失低潜
U004636,Male,South Steven,唤醒普通
U004637,Female,East Stacy,唤醒普通
U004640,Female,Lake Shawn,唤醒普通
U004643,Other,Smithshire,高潜新客
U004660,Other,Wendyland,普通新客
U004663,Other,Catherinechester,流失低潜
U004664,Male,East Dustin,流失可弃
U004668,Other,Wendyland,流失高潜用户
U004676,Female,Timothychester,流失低潜
U004682,Other,Woodsport,活跃复购潜力用户
U004683,Other,Sarahton,普通新客
U004695,Male,Chasetown,至尊VIP
U004703,Female,Stanleyview,唤醒普通
U004708,Male,Lake Christophertown,唤醒普通
U004714,Other,North Patrickfort,唤醒普通
U004717,Male,Travisberg,流失低潜
U004721,Male,Victoriaville,流失可弃
U004732,Female,South Douglasmouth,流失可弃
U004734,Other,Hollyfurt,唤醒普通
U004735,Male,Port Kellymouth,普通新客
U004736,Male,Mikeside,流失低潜
U004751,Female,West Stephaniefort,普通新客
U004753,Female,Zamorahaven,流失可弃
U004756,Male,Allenhaven,普通新客
U004766,Other,Port Bailey,唤醒普通
U004768,Male,Williamshire,唤醒普通
U004771,Male,Jonathanchester,流失低潜
U004776,Female,Lake Jameshaven,唤醒普通
U004782,Other,Howardville,至尊VIP
U004799,Male,Troybury,普通新客
U004805,Male,South Brandonstad,普通新客
U004810,Male,Richardview,至尊VIP
U004816,Female,North Keithchester,流失低潜
U004825,Other,Port Tiffany,活跃复购潜力用户
U004829,Male,Williamfurt,流失低潜
U004830,Female,Jonport,流失可弃
U004837,Female,New Nicholas,唤醒普通
U004838,Female,Lake Bobfort,流失低潜
U004844,Female,East Derek,流失低潜
U004845,Other,East Kim,流失低潜
U004853,Other,Dustinchester,流失高潜用户
U004862,Male,Jasonton,唤醒普通
U004863,Female,Wheelerborough,普通新客
U004866,Female,Lake Lisaland,唤醒普通
U004872,Other,West Jeffreymouth,唤醒普通
U004877,Other,South Lorifurt,至尊VIP
U004878,Male,Millerport,唤醒普通
U004885,Male,Jameschester,流失低潜
U004887,Male,South Christopher,唤醒普通
U004888,Other,North Robert,流失低潜
U004894,Female,Lewisville,高潜新客
U004896,Male,Collinsshire,唤醒普通
U004898,Other,North Katherine,流失高潜用户
U004901,Female,Wilkersonland,唤醒普通
U004903,Other,Fisherfurt,核心高价值忠诚用户
U004906,Other,East Emilyview,至尊VIP
U004907,Other,Lake Jessica,流失低潜
U004917,Female,Rossberg,普通新客
U004919,Female,Lake Natasha,普通新客
U004920,Male,Brandontown,唤醒普通
U004922,Female,West Nicolemouth,高潜新客
U004923,Other,Jessicaburgh,唤醒高潜
U004928,Other,Port Heather,唤醒普通
U004938,Female,West Leslie,流失低潜
U004941,Female,West William,至尊VIP
U004943,Female,Deanshire,流失低潜
U004945,Other,South Elaine,普通新客
U004948,Other,Ramirezchester,普通新客
U004954,Other,West Wesleymouth,高潜新客
U004958,Female,Gallagherchester,唤醒普通
U004961,Male,Port Brenda,流失高潜用户
U004969,Other,Lake Daniel,流失低潜
U004971,Male,Veronicamouth,流失高潜用户
U004977,Other,Lake Jamesberg,核心高价值忠诚用户
U004988,Male,Elizabethbury,至尊VIP
U004989,Other,Wardstad,普通新客
U004994,Female,South George,普通新客
U004996,Female,Heatherfort,唤醒高潜
U005007,Male,South Mariaport,普通新客
U005014,Other,Meganville,至尊VIP
U005016,Female,Christopherbury,唤醒普通
U005021,Other,Leroyburgh,普通新客
U005029,Other,East Pamela,流失低潜
U005033,Female,Lake Michaelville,普通新客
U005048,Male,Lake Craig,流失低潜
U005049,Other,Port Claudiahaven,流失可弃
U005050,Male,West Aaronton,流失低潜
U005054,Male,West Emily,唤醒普通
U005058,Male,Cindyland,普通新客
U005059,Female,East Victor,活跃复购潜力用户
U005060,Other,Whitestad,核心高价值忠诚用户
U005066,Male,Garyhaven,普通新客
U005072,Other,Harrischester,流失低潜
U005076,Female,Lake Stephanie,唤醒普通
U005080,Female,New Nicole,唤醒高潜
U005087,Male,New Kaylee,高潜新客
U005092,Other,Brianport,普通新客
U005096,Other,South Robert,普通新客
U005105,Female,Thomastown,唤醒普通
U005107,Male,Patrickmouth,唤醒普通
U005112,Female,Andrewsberg,流失低潜
U005118,Female,Vincentview,唤醒普通
U005121,Other,West Steven,流失可弃
U005123,Male,Stephanieburgh,流失可弃
U005128,Male,Port Brookeshire,流失高潜用户
U005131,Male,West Melissaside,流失高潜用户
U005157,Female,Kimport,普通新客
U005161,Male,Samuelchester,普通新客
U005164,Male,Hoffmanborough,流失可弃
U005180,Female,Lisabury,至尊VIP
U005187,Other,Mercadoshire,高潜新客
U005190,Male,Olsenhaven,流失高潜用户
U005192,Other,Alvaradoview,流失低潜
U005193,Male,East Charlesland,流失可弃
U005195,Male,Patrickton,唤醒普通
U005200,Other,Ericview,流失低潜
U005203,Other,East Susan,流失低潜
U005209,Other,Woodmouth,流失低潜
U005211,Female,North Elizabethside,唤醒普通
U005212,Female,East Stephanie,流失低潜
U005219,Other,Hintonville,唤醒普通
U005228,Other,Lake David,流失低潜
U005237,Male,Alvaradomouth,至尊VIP
U005248,Male,Damonberg,流失低潜
U005262,Male,Port Geraldview,流失低潜
U005266,Other,East Williamborough,流失可弃
U005269,Other,Annettebury,至尊VIP
U005273,Male,Castanedaport,至尊VIP
U005276,Other,Thomastown,唤醒普通
U005277,Female,Christianstad,唤醒普通
U005279,Female,Luistown,唤醒普通
U005301,Male,Cherylville,唤醒普通
U005302,Other,Hendersonside,流失可弃
U005309,Female,Lloydport,唤醒普通
U005320,Male,Christopherfurt,流失可弃
U005326,Female,Port Thomasside,流失高潜用户
U005330,Other,East James,高潜新客
U005342,Male,South Victoriaport,唤醒高潜
U005350,Female,West Rodneyland,普通新客
U005353,Female,Osborneport,唤醒普通
U005354,Male,West Davidton,高潜新客
U005355,Female,Powellport,普通新客
U005358,Other,West Richard,流失低潜
U005361,Female,Cliffordland,流失低潜
U005362,Female,Donovanfurt,普通新客
U005367,Female,East Jennifer,流失可弃
U005372,Other,South Thomasmouth,唤醒普通
U005378,Other,Stephanieborough,普通新客
U005381,Other,New Renee,唤醒普通
U005382,Male,West Kelseytown,唤醒普通
U005383,Male,West Danielport,唤醒普通
U005384,Female,West Helenfurt,高潜新客
U005386,Other,North Kimberly,唤醒高潜
U005387,Other,Port Stephanie,普通新客
U005397,Female,Gregoryport,唤醒普通
U005398,Female,Raymondchester,唤醒高潜
U005399,Female,Hernandezbury,流失可弃
U005408,Other,Port Tasha,流失低潜
U005419,Other,Taylorbury,流失可弃
U005420,Female,East Amanda,唤醒普通
U005423,Other,East Jose,流失低潜
U005425,Other,Wrightville,流失可弃
U005426,Other,Port Jennaville,至尊VIP
U005437,Female,New Troymouth,唤醒普通
U005441,Other,Stephaniemouth,流失低潜
U005448,Male,Fletcherburgh,唤醒普通
U005463,Male,Jacksonview,流失低潜
U005465,Other,Estradahaven,流失低潜
U005471,Female,Lopezbury,流失低潜
U005473,Other,Markborough,流失低潜
U005481,Female,South Richard,流失可弃
U005482,Male,North Brandon,唤醒普通
U005484,Other,New Abigail,普通新客
U005496,Male,South Michael,流失可弃
U005499,Male,West Sandrashire,唤醒普通
U005502,Male,Sherriland,流失低潜
U005505,Other,Lindsaymouth,流失低潜
U005510,Other,Jasonbury,唤醒普通
U005515,Female,Blakeshire,唤醒普通
U005522,Other,South Dwayne,流失可弃
U005523,Other,Robertamouth,普通新客
U005526,Male,West Elizabethport,流失低潜
U005530,Female,West Katherineburgh,流失低潜
U005538,Other,Smithshire,流失低潜
U005544,Male,Jonathanview,唤醒普通
U005546,Other,Port Jessica,流失低潜
U005551,Other,Port Christopher,普通新客
U005553,Male,New Kevin,流失低潜
U005557,Male,New Deborahhaven,普通新客
U005584,Other,Maynardton,唤醒普通
U005591,Male,North John,唤醒普通
U005597,Female,East Scott,唤醒高潜
U005602,Male,Amandahaven,流失可弃
U005608,Female,Thomasfort,至尊VIP
U005610,Female,West Rachel,唤醒高潜
U005616,Male,North Kylechester,流失低潜
U005618,Other,Port Andrew,至尊VIP
U005621,Other,East Mark,高潜新客
U005627,Other,Cherylshire,普通新客
U005628,Female,East Lisaborough,流失可弃
U005632,Other,Andrewmouth,唤醒普通
U005635,Other,South Tinaberg,流失低潜
U005640,Male,South Jenniferview,唤醒普通
U005662,Male,Hillchester,流失低潜
U005664,Other,East Coreyfurt,高潜新客
U005670,Other,New Amandaburgh,普通新客
U005680,Female,New Seanberg,流失可弃
U005683,Other,North Carlmouth,流失低潜
U005692,Male,Rachelville,流失可弃
U005699,Female,New Sarah,流失低潜
U005703,Other,East Donnaview,唤醒普通
U005711,Male,Danielchester,唤醒普通
U005712,Male,Armstrongberg,唤醒普通
U005713,Male,East Markborough,流失低潜
U005715,Other,Port Ian,普通新客
U005718,Other,South Donaldmouth,流失低潜
U005723,Other,Kennedyside,唤醒普通
U005729,Other,East Robinfort,唤醒普通
U005733,Male,Thompsonview,流失低潜
U005735,Female,North Erikaland,唤醒普通
U005742,Other,Port Kevinville,流失高潜用户
U005745,Other,Byrdfort,流失低潜
U005752,Male,West Steven,高潜新客
U005756,Female,Westshire,唤醒普通
U005758,Male,Kennedyborough,高潜新客
U005760,Other,West Josestad,流失低潜
U005777,Other,Nancyfurt,高潜新客
U005781,Female,Port Timothy,流失低潜
U005784,Female,Benjaminchester,流失低潜
U005792,Female,South Ginastad,普通新客
U005797,Female,Johnsonchester,流失可弃
U005798,Female,Port Tracyfurt,流失低潜
U005806,Other,East Leah,至尊VIP
U005827,Male,Gordontown,流失低潜
U005833,Female,West Carolynchester,唤醒高潜
U005835,Male,West James,流失可弃
U005841,Female,Port Allisonstad,至尊VIP
U005843,Female,Rebeccaborough,普通新客
U005848,Female,Edwardborough,流失低潜
U005856,Other,North Melissaburgh,唤醒普通
U005858,Female,Taylorborough,唤醒普通
U005859,Male,Jessicaborough,流失可弃
U005865,Other,Christopherbury,流失低潜
U005868,Female,North Lancehaven,至尊VIP
U005887,Other,West Carrie,流失低潜
U005897,Other,Port Danielbury,至尊VIP
U005902,Female,North Michaelbury,流失可弃
U005914,Female,West Nicoleshire,核心高价值忠诚用户
U005915,Female,Cruzhaven,流失低潜
U005917,Other,Moralesville,流失低潜
U005923,Male,Port Emma,普通新客
U005932,Female,South Erikafort,流失可弃
U005937,Male,North James,流失低潜
U005941,Male,East Stephenbury,流失低潜
U005943,Other,Sherrychester,流失可弃
U005948,Male,Mackenzieview,流失低潜
U005951,Male,Ramirezside,流失低潜
U005955,Other,Port Angelaville,唤醒高潜
U005957,Male,Carloston,流失可弃
U005961,Male,Thomasshire,普通新客
U005967,Male,Millerhaven,流失可弃
U006002,Male,Kristystad,流失低潜
U006003,Male,Gordonfurt,流失低潜
U006008,Male,Lake Elaine,唤醒普通
U006015,Other,Kimberlystad,普通新客
U006020,Other,East Caitlin,流失可弃
U006037,Female,East Kelly,唤醒高潜
U006049,Other,Lindaburgh,流失低潜
U006060,Female,Reyesfort,唤醒普通
U006067,Other,South Jennyfurt,唤醒普通
U006075,Other,Ruizshire,流失低潜
U006076,Female,Scottmouth,至尊VIP
U006090,Other,Christopherbury,流失可弃
U006093,Female,Lake Stephanie,唤醒普通
U006097,Other,Sandrahaven,至尊VIP
U006103,Female,West Brianbury,至尊VIP
U006105,Female,North Sandrastad,普通新客
U006107,Female,Wilsonview,唤醒普通
U006115,Male,North Walter,唤醒普通
U006117,Other,South Jacquelinehaven,普通新客
U006127,Other,Samanthaside,唤醒普通
U006132,Other,Lake Melissafort,普通新客
U006134,Male,North Chelsea,流失可弃
U006138,Female,Glennville,流失低潜
U006150,Other,Sarahaven,流失低潜
U006178,Male,Goodfurt,流失低潜
U006183,Female,Mcdanielmouth,高潜新客
U006185,Female,West Patricia,流失低潜
U006193,Other,South Robinton,唤醒普通
U006196,Male,West Michelle,流失低潜
U006209,Female,Colemanchester,流失低潜
U006214,Female,West Tonyberg,普通新客
U006220,Female,North Jeremy,唤醒普通
U006222,Male,Jessicatown,唤醒普通
U006225,Other,Schmidtborough,普通新客
U006230,Female,Richardsonbury,唤醒普通
U006235,Female,Amyside,流失可弃
U006238,Other,North Markchester,活跃复购潜力用户
U006240,Female,Robersontown,流失低潜
U006261,Female,Maddoxmouth,流失可弃
U006276,Other,East Kathleen,唤醒普通
U006280,Male,Hancockfort,唤醒普通
U006294,Male,Joanport,流失可弃
U006295,Other,New Amanda,至尊VIP
U006296,Other,Arnoldberg,流失低潜
U006298,Other,South Leviside,唤醒普通
U006309,Female,Lake Isabelville,唤醒普通
U006310,Male,Watersmouth,流失高潜用户
U006311,Other,New Alan,至尊VIP
U006318,Other,Sheachester,至尊VIP
U006324,Female,Stacymouth,流失低潜
U006330,Other,Port William,唤醒高潜
U006337,Other,Lindsayfurt,高潜新客
U006339,Female,Cooperhaven,流失低潜
U006341,Male,Meganland,至尊VIP
U006343,Female,Jonesmouth,流失可弃
U006346,Male,North Williammouth,普通新客
U006351,Female,North Robinfort,流失可弃
U006354,Female,Michaelfort,流失低潜
U006357,Female,Hamiltonburgh,至尊VIP
U006364,Female,North Scottland,流失低潜
U006367,Other,North Michellehaven,普通新客
U006368,Male,Tracyhaven,流失低潜
U006370,Other,Peterhaven,流失低潜
U006374,Female,Lake Angelafort,普通新客
U006385,Male,Hartburgh,流失低潜
U006387,Female,Jasonberg,唤醒普通
U006389,Other,East Michael,流失低潜
U006397,Other,North Heather,唤醒普通
U006401,Male,South Brenda,唤醒普通
U006402,Other,Port Allisonside,流失低潜
U006403,Male,Sancheztown,流失低潜
U006408,Other,Anthonychester,活跃复购潜力用户
U006410,Female,Lake Erika,流失高潜用户
U006414,Female,South Jason,流失低潜
U006426,Male,Huntstad,流失可弃
U006436,Other,Rossborough,流失可弃
U006442,Female,Beasleyville,唤醒普通
U006446,Other,Brendaview,至尊VIP
U006457,Male,Lake Danaberg,活跃复购潜力用户
U006459,Female,South Crystal,普通新客
U006469,Female,South Robertstad,至尊VIP
U006478,Male,West Mary,流失低潜
U006480,Male,Alexandrachester,流失低潜
U006494,Male,South Margaretview,流失低潜
U006498,Male,Bridgesburgh,普通新客
U006499,Male,South Joyview,流失低潜
U006508,Other,East Paul,唤醒普通
U006511,Male,Beverlyton,流失低潜
U006523,Other,West Benjamin,唤醒高潜
U006524,Female,Grahamfort,普通新客
U006538,Female,Port Kevinton,普通新客
U006539,Other,Lake Suzanne,唤醒普通
U006548,Female,Moniqueview,流失低潜
U006555,Female,Lake Sarahside,流失低潜
U006557,Female,Scottshire,流失低潜
U006558,Female,Johnsonfort,唤醒普通
U006559,Male,Taylorborough,流失低潜
U006560,Female,Lake Julianmouth,高潜新客
U006577,Other,Lake Melissa,唤醒普通
U006584,Other,Jamesville,流失低潜
U006589,Other,West Timothy,唤醒普通
U006600,Other,East Nancy,流失低潜
U006603,Other,Lamburgh,高潜新客
U006604,Female,Thomasberg,流失可弃
U006608,Other,Port Timothy,流失低潜
U006615,Female,Marybury,流失低潜
U006624,Female,Paulland,唤醒普通
U006633,Male,Port Heatherborough,流失低潜
U006638,Female,Thompsonville,唤醒普通
U006639,Other,Colemanland,唤醒普通
U006641,Male,Marchaven,唤醒普通
U006648,Female,South Hannahton,流失低潜
U006651,Female,South Scottmouth,唤醒普通
U006657,Male,East Dakotafurt,唤醒普通
U006659,Female,Courtneyborough,流失高潜用户
U006660,Female,Brownmouth,流失低潜
U006673,Female,Shellyfort,唤醒普通
U006687,Female,Jensenland,流失低潜
U006690,Other,Port Danielle,流失低潜
U006696,Male,Ericmouth,普通新客
U006699,Other,North Erikaport,流失低潜
U006702,Female,South Timothy,普通新客
U006703,Male,Patriciaside,普通新客
U006710,Female,North Jasontown,唤醒普通
U006713,Female,Robertton,流失可弃
U006716,Female,Susanmouth,流失可弃
U006722,Female,Jacobberg,高潜新客
U006728,Male,South Nicoleberg,普通新客
U006742,Other,Fosterfort,唤醒普通
U006743,Male,Heathermouth,流失可弃
U006746,Male,Kramerburgh,流失低潜
U006759,Male,West Frank,普通新客
U006763,Other,North Lindsaymouth,唤醒普通
U006764,Female,New Susanberg,流失可弃
U006768,Other,Robertfort,流失低潜
U006772,Male,Leblancville,流失可弃
U006783,Other,East Eddietown,唤醒普通
U006785,Female,East Amy,至尊VIP
U006793,Other,West Melinda,流失低潜
U006795,Other,North Amanda,流失低潜
U006798,Other,Nicoleside,普通新客
U006805,Other,Emilyshire,流失低潜
U006806,Other,Hubbardstad,唤醒高潜
U006811,Female,Carrfort,普通新客
U006812,Other,Kevinport,流失低潜
U006813,Male,South Kimberlyport,唤醒普通
U006814,Other,Matthewland,唤醒普通
U006830,Male,Chavezport,流失低潜
U006838,Other,Port Maria,普通新客
U006843,Other,Amyshire,流失高潜用户
U006858,Male,North Kelsey,流失低潜
U006864,Other,North Coryhaven,流失可弃
U006874,Male,Port Kristin,至尊VIP
U006901,Other,North Deniseburgh,唤醒高潜
U006904,Male,Grosstown,至尊VIP
U006908,Female,New Kathleenton,唤醒普通
U006909,Other,Andrewtown,流失低潜
U006921,Female,Johnfort,流失低潜
U006922,Other,Andersonfort,唤醒普通
U006940,Other,Cannonland,唤醒普通
U006948,Male,South Kyleshire,流失低潜
U006952,Female,North Michael,至尊VIP
U006959,Other,North Katherinefort,普通新客
U006964,Female,Lake Sarah,唤醒普通
U006979,Male,West Cherylmouth,流失可弃
U006981,Male,Martineztown,唤醒普通
U006983,Female,South Steven,流失可弃
U006991,Other,Jessicaside,唤醒普通
U007003,Female,Sarahmouth,唤醒普通
U007012,Female,Toddmouth,唤醒普通
U007025,Male,Port Kristina,流失低潜
U007029,Female,Lloydfurt,流失低潜
U007030,Female,Chloeside,流失低潜
U007043,Female,New Lynn,至尊VIP
U007047,Other,Mitchellfort,唤醒普通
U007051,Female,Michaelview,流失低潜
U007052,Other,Floresberg,流失低潜
U007059,Male,Dianafurt,流失低潜
U007062,Other,Stephensfort,流失低潜
U007072,Female,Port Kevin,流失可弃
U007073,Female,South Samantha,流失低潜
U007077,Male,Stricklandside,流失可弃
U007081,Female,Susanview,唤醒普通
U007091,Male,South John,流失可弃
U007093,Other,Perryton,流失低潜
U007096,Male,Kyleside,流失低潜
U007099,Male,Johnsonmouth,唤醒普通
U007102,Female,South Edwardberg,流失可弃
U007111,Male,West Billy,唤醒普通
U007121,Female,East Charles,流失低潜
U007140,Other,New Joseph,唤醒普通
U007144,Female,Lake Vincent,唤醒普通
U007147,Female,Kristophermouth,高潜新客
U007148,Male,Williamton,流失高潜用户
U007151,Female,Lake Dennis,唤醒普通
U007155,Male,Timothymouth,流失低潜
U007164,Male,Lake Jessetown,唤醒高潜
U007167,Female,East Stephanie,至尊VIP
U007171,Other,Lake Melissa,流失低潜
U007178,Male,New Stephen,流失低潜
U007185,Male,East Cameron,流失低潜
U007195,Female,Lake Robertafort,唤醒普通
U007199,Other,East Holly,普通新客
U007207,Female,Jenniferville,唤醒普通
U007208,Male,Martinstad,唤醒普通
U007214,Female,Parkermouth,流失可弃
U007216,Male,New Taylor,流失低潜
U007226,Female,Port Ann,唤醒普通
U007228,Other,South Marialand,普通新客
U007239,Male,Vasquezhaven,唤醒普通
U007243,Male,New Sarahview,唤醒普通
U007244,Male,Gonzalezport,流失可弃
U007251,Male,East Tarabury,流失可弃
U007252,Other,Wilsonton,普通新客
U007256,Male,Lake Amy,普通新客
U007268,Female,West Bridget,唤醒普通
U007270,Female,Jessicaton,流失低潜
U007274,Female,Christophertown,至尊VIP
U007286,Other,Jeffreyview,至尊VIP
U007292,Male,North Davidton,唤醒普通
U007294,Male,North William,流失可弃
U007297,Male,Fischershire,流失低潜
U007302,Other,Lake Michaelland,流失低潜
U007314,Male,South Christinechester,普通新客
U007319,Other,Lindastad,唤醒普通
U007323,Male,Jessicahaven,流失低潜
U007324,Female,South Tamara,流失低潜
U007325,Other,Port Jonathanville,流失低潜
U007334,Other,New Amy,唤醒普通
U007338,Female,North Maryville,流失可弃
U007364,Male,Lake Kennethstad,流失可弃
U007365,Male,Lake Jeremyberg,流失低潜
U007369,Female,Lorimouth,流失可弃
U007370,Female,Lake Joe,流失低潜
U007375,Other,Travisfurt,唤醒普通
U007377,Other,Jacobville,流失低潜
U007382,Female,Port Tyler,流失低潜
U007391,Male,West Aliciaton,唤醒普通
U007395,Female,Johnfurt,流失低潜
U007414,Male,Lake Tara,流失低潜
U007417,Other,West Andrew,流失可弃
U007425,Other,Gregorymouth,流失低潜
U007430,Male,East Annaland,流失低潜
U007434,Other,Williamsfurt,流失可弃
U007439,Other,South Amy,至尊VIP
U007442,Female,Jamesland,流失低潜
U007443,Female,New Elizabethborough,流失可弃
U007453,Other,New Timothyshire,流失高潜用户
U007454,Female,Anaborough,流失低潜
U007456,Female,Toddview,流失低潜
U007463,Male,Wilsonborough,普通新客
U007465,Other,Josephfurt,至尊VIP
U007467,Female,Cohenburgh,普通新客
U007470,Female,Leahland,流失低潜
U007480,Other,Brandymouth,普通新客
U007482,Male,Jamesfurt,流失低潜
U007483,Male,North Anthony,至尊VIP
U007489,Male,Russoland,普通新客
U007490,Male,West Robert,普通新客
U007496,Male,Ashleyville,普通新客
U007499,Female,West Michaeltown,普通新客
U007508,Other,North Theodore,流失低潜
U007521,Female,Lake John,普通新客
U007522,Male,Marktown,流失可弃
U007532,Female,New Matthew,流失低潜
U007538,Male,Michaelmouth,流失低潜
U007541,Male,New Timothy,高潜新客
U007551,Other,Lake Renee,流失高潜用户
U007553,Female,Angelaborough,普通新客
U007554,Other,Port April,唤醒普通
U007573,Other,Manningchester,唤醒普通
U007574,Female,West Bryanbury,流失可弃
U007587,Male,Jonathanfurt,至尊VIP
U007596,Other,Port Derekmouth,流失可弃
U007598,Female,Jasonland,唤醒高潜
U007599,Male,East Markhaven,唤醒高潜
U007604,Female,Stanleyshire,唤醒普通
U007618,Female,Darrenchester,唤醒普通
U007620,Female,Port Joshua,流失可弃
U007629,Other,West Johnton,至尊VIP
U007631,Female,East Michaelmouth,至尊VIP
U007638,Other,Johnsonmouth,唤醒普通
U007643,Male,Reidshire,普通新客
U007655,Other,West Kerri,唤醒普通
U007656,Other,Justinfort,流失可弃
U007665,Other,Parkerville,流失低潜
U007667,Other,West Caitlinhaven,流失低潜
U007672,Female,North Cody,流失低潜
U007675,Female,Port Ashley,流失低潜
U007679,Female,Mooremouth,流失可弃
U007680,Male,East Sherryport,流失低潜
U007681,Male,West Vincentville,流失低潜
U007684,Male,Matthewfurt,流失低潜
U007685,Male,East Nathanielberg,流失低潜
U007688,Male,West Julie,普通新客
U007717,Male,North Matthew,流失低潜
U007723,Other,South Bianca,流失低潜
U007730,Male,Melissafurt,唤醒普通
U007738,Female,Wellsport,流失低潜
U007739,Other,Bryanland,流失低潜
U007744,Female,East Tommyborough,唤醒普通
U007746,Male,Elizabethmouth,唤醒普通
U007749,Other,Lake Amy,流失可弃
U007753,Female,Port Nicoleville,唤醒普通
U007766,Female,Adamsmouth,唤醒普通
U007771,Male,South Ashley,普通新客
U007775,Male,New Richard,唤醒普通
U007783,Other,Jamesport,流失可弃
U007791,Female,Elliottborough,至尊VIP
U007804,Male,Marieview,唤醒普通
U007805,Female,South Brianmouth,流失低潜
U007813,Male,Port Ronnieville,普通新客
U007814,Male,Port Bryanshire,流失低潜
U007815,Other,New Brandon,流失低潜
U007818,Female,Smithfurt,流失低潜
U007827,Male,Leefurt,唤醒普通
U007832,Female,Jonesstad,至尊VIP
U007833,Male,Dorseyborough,活跃复购潜力用户
U007834,Female,Williamsburgh,普通新客
U007841,Female,East James,普通新客
U007844,Female,Millerland,至尊VIP
U007855,Other,South Anneview,流失低潜
U007866,Female,Lake Jillhaven,流失低潜
U007871,Other,North Eric,唤醒普通
U007872,Male,Melissaview,流失可弃
U007874,Other,Kirkbury,流失可弃
U007878,Other,Tomton,流失可弃
U007879,Other,Lake Melissaton,流失可弃
U007881,Male,East Angelaside,唤醒普通
U007885,Female,East Tiffanyview,流失低潜
U007891,Female,Lake Amyfort,唤醒普通
U007898,Female,Rubioshire,唤醒普通
U007900,Other,Goodmanborough,流失可弃
U007903,Male,West David,流失可弃
U007906,Other,Jacquelineport,普通新客
U007915,Female,Greenfort,流失可弃
U007925,Other,Trujilloside,普通新客
U007945,Female,Austinfort,唤醒普通
U007947,Female,Port Sharon,唤醒普通
U007957,Female,Smithfort,流失低潜
U007962,Male,Davidville,流失低潜
U007964,Male,Simmonsburgh,唤醒高潜
U007973,Female,Smithbury,流失低潜
U008001,Female,Ericland,普通新客
U008004,Male,Lake Donna,唤醒普通
U008015,Female,Perkinsfurt,流失可弃
U008022,Other,North Cathy,唤醒普通
U008023,Female,Fostershire,唤醒普通
U008025,Female,Lake Jamestown,流失低潜
U008027,Other,North Janiceborough,流失低潜
U008032,Other,Woodston,流失低潜
U008038,Male,East Kathleenhaven,唤醒普通
U008044,Other,Leemouth,普通新客
U008048,Male,Richardburgh,唤醒普通
U008051,Other,South Lori,流失低潜
U008053,Female,Webbberg,唤醒普通
U008057,Other,New David,流失低潜
U008066,Female,East Janiceberg,唤醒普通
U008078,Female,Lake Joy,流失可弃
U008082,Other,Lake Elizabethton,活跃复购潜力用户
U008083,Male,Lake Molly,普通新客
U008085,Male,Williamberg,唤醒普通
U008087,Female,Kennedybury,唤醒普通
U008088,Other,Piercefort,流失高潜用户
U008089,Other,Santoston,流失低潜
U008095,Other,Stacyfurt,唤醒普通
U008113,Female,Petersonview,流失低潜
U008134,Other,Manuelton,核心高价值忠诚用户
U008135,Other,Lake Donna,唤醒普通
U008136,Male,Lake Juan,唤醒普通
U008146,Male,Garrettberg,流失低潜
U008147,Female,Ernesttown,流失低潜
U008148,Female,East Adamshire,唤醒高潜
U008159,Female,Snyderborough,至尊VIP
U008171,Other,Cruzberg,流失低潜
U008173,Male,Floydview,流失低潜
U008176,Female,North Elizabethmouth,流失低潜
U008178,Other,Jenniferland,流失低潜
U008184,Male,Edwardmouth,至尊VIP
U008197,Other,Lake Aliciaview,普通新客
U008198,Female,Jessefurt,唤醒普通
U008206,Male,Chloechester,唤醒普通
U008209,Female,East Patriciamouth,唤醒普通
U008212,Male,Arnoldfort,至尊VIP
U008223,Other,Scottton,流失低潜
U008227,Other,Lake Kenneth,流失低潜
U008233,Male,Sherylborough,流失可弃
U008236,Male,Smithchester,普通新客
U008248,Other,Norrishaven,流失低潜
U008255,Other,South Zacharyfurt,流失可弃
U008264,Female,Mcguirebury,至尊VIP
U008267,Female,Maldonadoberg,唤醒高潜
U008275,Male,Singletontown,流失高潜用户
U008276,Other,Judithberg,普通新客
U008295,Female,West Clarenceburgh,流失低潜
U008308,Other,Riddleport,流失低潜
U008313,Other,North Sally,流失可弃
U008317,Female,South Eileenton,流失低潜
U008328,Other,Susanburgh,普通新客
U008335,Male,Lake Coreyland,唤醒普通
U008340,Other,Tonyaborough,唤醒高潜
U008342,Male,Scottmouth,唤醒普通
U008345,Other,Johnnymouth,唤醒高潜
U008350,Female,Garciachester,至尊VIP
U008351,Other,Lake Jenniferview,流失低潜
U008352,Male,Curtisshire,流失低潜
U008359,Female,Gloriaview,流失可弃
U008364,Other,Lopezberg,流失低潜
U008365,Male,Pettyfort,活跃复购潜力用户
U008369,Male,West Chadmouth,高潜新客
U008373,Female,East Matthewfurt,唤醒高潜
U008376,Other,North Williamville,流失低潜
U008378,Female,Lake Jesusbury,流失低潜
U008391,Male,Martinhaven,流失低潜
U008392,Other,North Ashley,唤醒普通
U008395,Female,West Calvintown,唤醒普通
U008398,Male,Spencerborough,流失低潜
U008401,Male,Chadtown,流失低潜
U008403,Male,West Rachelfort,唤醒普通
U008420,Female,Mistyland,至尊VIP
U008421,Male,East Kaylaport,流失低潜
U008422,Female,Aliciatown,流失低潜
U008431,Other,Fieldstown,活跃复购潜力用户
U008435,Female,New Chris,普通新客
U008438,Other,Lake Joseph,流失低潜
U008441,Male,Sheltonstad,唤醒普通
U008449,Other,Lake Damon,唤醒普通
U008454,Female,West Tonyahaven,流失低潜
U008463,Male,New Kaitlyn,唤醒普通
U008465,Male,Gregton,唤醒普通
U008467,Male,Laurenbury,流失可弃
U008476,Male,Craigbury,流失低潜
U008479,Other,Chavezstad,普通新客
U008480,Other,Matthewstad,普通新客
U008481,Other,West Isaiahton,高潜新客
U008494,Female,Ayalaton,流失低潜
U008504,Other,Merrittborough,流失低潜
U008509,Female,South Maxwell,唤醒普通
U008511,Other,Fordmouth,流失低潜
U008512,Male,Port Markburgh,唤醒普通
U008517,Other,Lake Melissa,流失低潜
U008518,Female,Matthewsside,普通新客
U008529,Male,Wigginsmouth,流失低潜
U008534,Male,Port Keith,流失低潜
U008535,Male,Amandaport,普通新客
U008538,Male,Maldonadochester,流失可弃
U008542,Male,North Kevin,唤醒普通
U008565,Female,Lake Kevinport,流失低潜
U008573,Female,Lake John,唤醒普通
U008581,Male,North Johnside,唤醒普通
U008584,Other,Mitchellfort,普通新客
U008589,Male,North Angela,高潜新客
U008599,Other,Port Justin,流失低潜
U008601,Female,Danielview,流失高潜用户
U008608,Male,Mooreton,普通新客
U008637,Other,West Jessica,流失低潜
U008644,Other,Travisview,流失低潜
U008646,Other,Huntville,流失可弃
U008659,Female,Port Jaketon,唤醒普通
U008665,Male,South Jamesville,流失低潜
U008673,Male,New Jerryside,流失可弃
U008674,Female,Chelseaport,活跃复购潜力用户
U008676,Male,Martinhaven,流失低潜
U008677,Other,New Stephanie,活跃复购潜力用户
U008685,Female,West Jennifer,至尊VIP
U008690,Female,Jamestown,唤醒普通
U008693,Other,Buchananview,核心高价值忠诚用户
U008694,Female,Zunigaton,流失高潜用户
U008702,Other,North Erin,流失低潜
U008706,Female,Lake Kevinhaven,流失可弃
U008709,Female,Joshuabury,流失低潜
U008710,Female,New Coreyburgh,流失低潜
U008712,Other,Jenniferton,流失高潜用户
U008714,Other,Richardchester,唤醒普通
U008721,Other,Troyville,流失可弃
U008724,Other,Lake Markfort,流失高潜用户
U008727,Male,South Charles,流失低潜
U008728,Female,Alishaborough,普通新客
U008731,Other,Stevenburgh,普通新客
U008733,Female,Karaberg,核心高价值忠诚用户
U008739,Male,North Alexishaven,唤醒普通
U008747,Male,New John,流失可弃
U008748,Other,Wadefort,流失低潜
U008752,Other,Marieburgh,流失低潜
U008759,Other,Randallland,唤醒普通
U008765,Female,Lake Linda,高潜新客
U008768,Female,Gibsonhaven,唤醒普通
U008771,Male,Lake Madison,流失低潜
U008781,Other,Amandaview,流失低潜
U008784,Male,North Jason,至尊VIP
U008790,Female,East Francisco,唤醒普通
U008791,Male,Stephanieville,唤醒普通
U008792,Male,East Barbaraside,普通新客
U008794,Female,Williamsmouth,唤醒高潜
U008797,Male,Shannonbury,流失可弃
U008799,Male,East Kelly,普通新客
U008807,Other,Meyerville,唤醒普通
U008835,Other,Matthewhaven,唤醒普通
U008843,Female,East Rebecca,至尊VIP
U008848,Male,Gilmoreville,唤醒高潜
U008850,Female,Huangfort,流失低潜
U008854,Other,South Zacharyhaven,流失低潜
U008863,Other,Lake Wendychester,唤醒普通
U008865,Male,Anthonytown,流失低潜
U008868,Male,Kaylahaven,唤醒普通
U008869,Female,South Craig,流失可弃
U008876,Male,Feliciaport,普通新客
U008877,Other,Lake Richard,普通新客
U008884,Female,Jamesville,流失高潜用户
U008887,Male,Stephanieview,流失低潜
U008892,Female,Jeffreyberg,至尊VIP
U008900,Other,Stricklandshire,普通新客
U008917,Other,Christopherburgh,唤醒普通
U008919,Male,South Carolynland,至尊VIP
U008923,Male,North Jasonbury,流失低潜
U008952,Female,Kingmouth,流失低潜
U008953,Female,Lake Kimberlyshire,至尊VIP
U008954,Other,North James,普通新客
U008958,Other,Townsendshire,流失低潜
U008962,Other,South Katietown,流失可弃
U008964,Female,Scotthaven,流失低潜
U008968,Female,Schaeferville,高潜新客
U008971,Female,Rossview,普通新客
U008978,Other,Port Andrea,唤醒高潜
U008979,Female,Wilsonmouth,流失可弃
U008985,Other,Brandyport,普通新客
U009001,Male,Fuentesfort,唤醒普通
U009006,Male,East Kyleport,流失低潜
U009009,Other,Moodyfurt,流失可弃
U009022,Female,East Denise,唤醒高潜
U009030,Female,South Natalieville,流失低潜
U009032,Other,Christinaview,至尊VIP
U009043,Other,New Feliciaburgh,流失可弃
U009049,Male,New Autumn,唤醒普通
U009051,Other,Port Waynetown,普通新客
U009060,Female,East Nicole,唤醒普通
U009073,Female,South Isaiahfurt,唤醒高潜
U009090,Male,New Karinamouth,高潜新客
U009097,Male,West Paulahaven,高潜新客
U009107,Female,North Patrick,流失高潜用户
U009108,Male,Jacquelineton,唤醒普通
U009109,Other,South Kelly,高潜新客
U009114,Male,North Laura,唤醒普通
U009117,Female,Lake Geneton,高潜新客
U009124,Male,West Donnabury,流失低潜
U009141,Male,Andersonshire,流失可弃
U009143,Female,South Ericview,唤醒普通
U009155,Female,West Emilyhaven,流失低潜
U009174,Male,Baileychester,流失可弃
U009179,Male,Thomasstad,普通新客
U009182,Other,East Staceyhaven,唤醒普通
U009184,Male,West Jessicaview,至尊VIP
U009188,Male,Katherineview,流失可弃
U009189,Male,Brandonbury,流失低潜
U009190,Female,Port Anthonyborough,流失低潜
U009193,Male,Underwoodmouth,唤醒普通
U009216,Other,North Melissa,流失低潜
U009219,Other,South Mary,流失高潜用户
U009224,Male,Kennethfort,唤醒普通
U009229,Other,Lake Robinton,流失低潜
U009233,Other,Michaelland,至尊VIP
U009236,Other,Brianshire,流失低潜
U009238,Male,Jaredview,至尊VIP
U009240,Other,Lake Douglas,唤醒高潜
U009244,Female,Deborahmouth,流失低潜
U009261,Other,North Lisahaven,流失低潜
U009268,Female,Lake Lee,唤醒普通
U009269,Female,East Bruceburgh,流失高潜用户
U009271,Other,Lake Walter,流失低潜
U009274,Other,West Michael,流失低潜
U009277,Other,Juarezshire,唤醒普通
U009291,Male,Youngstad,唤醒普通
U009295,Other,Port Troymouth,流失低潜
U009298,Male,New Michelle,唤醒普通
U009299,Male,Loganport,流失低潜
U009306,Male,Josephshire,流失高潜用户
U009308,Female,Lake Samantha,至尊VIP
U009313,Female,North Jesusshire,流失低潜
U009314,Male,South Kelly,流失可弃
U009315,Male,Lake Jefferymouth,流失低潜
U009322,Other,Ingramberg,流失可弃
U009331,Female,Robbinschester,流失低潜
U009334,Male,Michellechester,流失高潜用户
U009339,Female,Richardstad,唤醒普通
U009360,Other,North Phillipmouth,流失低潜
U009361,Male,Richardsonshire,流失低潜
U009367,Male,Colleenstad,至尊VIP
U009371,Female,West Anamouth,至尊VIP
U009372,Other,West Ralphhaven,流失低潜
U009377,Other,New Renee,高潜新客
U009384,Female,Danielview,唤醒普通
U009390,Male,Morrowborough,流失可弃
U009394,Other,West Richard,流失可弃
U009396,Female,Garrettside,唤醒普通
U009400,Other,Lake Jamieport,至尊VIP
U009415,Male,East Michael,唤醒普通
U009420,Female,Andersonhaven,流失低潜
U009430,Other,Martinezton,流失低潜
U009432,Male,Wilkinsfurt,至尊VIP
U009433,Female,New Aaronville,普通新客
U009437,Male,Lake Joseland,流失可弃
U009442,Female,Lynntown,流失低潜
U009448,Other,Nathanmouth,唤醒普通
U009449,Male,East Edward,流失低潜
U009459,Male,New Theresaborough,普通新客
U009460,Female,Parkerfort,唤醒普通
U009473,Male,East Adamshire,唤醒普通
U009475,Female,South Patrickland,流失低潜
U009476,Other,Willisview,流失低潜
U009478,Female,Fergusonland,流失低潜
U009484,Male,Grantmouth,流失可弃
U009492,Other,Tiffanyton,唤醒普通
U009494,Female,Watkinsfurt,流失低潜
U009497,Female,Ianland,至尊VIP
U009504,Other,South Seanstad,普通新客
U009510,Other,Joannton,流失低潜
U009519,Other,East Ryanhaven,普通新客
U009522,Male,Priceborough,唤醒普通
U009526,Female,Karlfurt,唤醒高潜
U009530,Other,Haileyburgh,唤醒普通
U009542,Other,New Robin,流失低潜
U009545,Other,Georgeport,流失低潜
U009552,Male,Shawmouth,普通新客
U009554,Female,Tiffanybury,唤醒普通
U009555,Male,West Anthony,流失低潜
U009561,Other,Alexandrastad,流失可弃
U009562,Other,New Brianborough,唤醒高潜
U009565,Other,Fergusonborough,唤醒普通
U009568,Other,East Jessica,流失可弃
U009578,Female,Autumnborough,流失低潜
U009583,Male,South Lesliebury,普通新客
U009596,Male,East Nicole,唤醒普通
U009598,Male,East Ian,流失可弃
U009602,Female,Murphystad,唤醒普通
U009632,Other,Williamsshire,唤醒普通
U009635,Other,Sandershaven,流失低潜
U009644,Other,Bakerberg,流失低潜
U009645,Other,Flynnmouth,唤醒普通
U009646,Other,North Morganbury,流失低潜
U009651,Other,Mcguireshire,流失高潜用户
U009652,Male,Petersonfurt,唤醒高潜
U009656,Other,East Tara,唤醒普通
U009658,Other,South Miguelport,普通新客
U009670,Female,East Evanview,高潜新客
U009689,Female,Kimberlyburgh,普通新客
U009705,Other,Port Kaylaburgh,流失可弃
U009708,Other,Brandonhaven,流失低潜
U009709,Male,Lake Gregorybury,普通新客
U009721,Male,Griffithshire,普通新客
U009754,Male,North Shannonside,唤醒普通
U009755,Other,Aguilarfort,流失低潜
U009766,Female,Port Bradleymouth,普通新客
U009770,Male,New Matthew,流失可弃
U009772,Male,Amandafurt,流失低潜
U009777,Other,Davisbury,流失高潜用户
U009778,Other,East Becky,高潜新客
U009789,Female,Port Haleyton,普通新客
U009797,Female,Catherinestad,流失低潜
U009798,Other,Lake Nicholeshire,流失低潜
U009808,Female,New Angelafurt,唤醒普通
U009813,Male,Smithview,普通新客
U009816,Female,Krausechester,唤醒普通
U009826,Other,Shawnville,流失低潜
U009828,Female,Lisaberg,流失低潜
U009830,Other,Rothside,普通新客
U009834,Other,Dawnshire,流失低潜
U009840,Female,North Amber,核心高价值忠诚用户
U009844,Male,New Samuelton,唤醒普通
U009847,Female,Grahamville,唤醒普通
U009854,Male,East Kimberly,至尊VIP
U009857,Female,Paynefort,流失高潜用户
U009862,Female,Scottbury,唤醒普通
U009866,Female,Johnsonmouth,普通新客
U009867,Male,Port Dawnland,流失低潜
U009868,Male,Simonmouth,唤醒普通
U009875,Male,Port David,流失可弃
U009885,Other,New Paulshire,流失低潜
U009900,Other,Smithbury,唤醒高潜
U009902,Female,West Paulshire,流失高潜用户
U009912,Female,Ralphmouth,唤醒普通
U009913,Male,Lake Daniel,普通新客
U009924,Male,Wagnerhaven,流失可弃
U009932,Other,Morrowburgh,流失低潜
U009935,Female,Adkinsstad,至尊VIP
U009946,Male,West Mark,流失可弃
U009950,Female,New Ethan,流失低潜
U009957,Male,Hillborough,至尊VIP
U009962,Female,New Matthewfurt,普通新客
U009963,Female,Davieschester,流失低潜
U009969,Other,East Deniseshire,唤醒普通
U009972,Female,North Jason,流失低潜
U009981,Female,Gabriellastad,唤醒普通
U009983,Male,Port Kimberly,唤醒普通
U009987,Other,Murphyland,流失高潜用户
U009992,Male,Port Christineshire,流失可弃
U009998,Male,New Kristin,流失低潜
